ano,semana_epidemiologica,fecha_inicio_semana_epidemiologica,grupo_etario,departamento_residencia,dengue confirmed,,semana_epidemiologica,Semena
2024,1,2023-12-31,"[0,10)",COMUNA 1,0,,41,2023-12-31
2024,1,2023-12-31,"[10,20)",COMUNA 1,0,,91,2024-01-07
2024,1,2023-12-31,"[20,30)",COMUNA 1,0,,110,2024-01
2024,1,2023-12-31,"[30,40)",COMUNA 1,1,,125,2024-01
2024,1,2023-12-31,"[40,50)",COMUNA 1,1,,230,2024-01
2024,1,2023-12-31,"[50,60)",COMUNA 1,0,,428,2024-02
2024,1,2023-12-31,"[60,70)",COMUNA 1,0,,730,2024-02
2024,1,2023-12-31,"[10,20)",COMUNA 10,2,,1241,2024-02
2024,1,2023-12-31,"[20,30)",COMUNA 10,0,,1604,2024-02
2024,1,2023-12-31,"[30,40)",COMUNA 10,1,,1722,2024-02
2024,1,2023-12-31,"[40,50)",COMUNA 10,0,,1900,2024-03
2024,1,2023-12-31,"[50,60)",COMUNA 10,0,,1679,2024-03
2024,1,2023-12-31,"[70,80)",COMUNA 10,1,,1935,2024-03
2024,1,2023-12-31,"[80,90)",COMUNA 10,0,,2146,2024-03
2024,1,2023-12-31,"[10,20)",COMUNA 11,0,,1725,2024-03
2024,1,2023-12-31,"[20,30)",COMUNA 11,0,,,
2024,1,2023-12-31,"[30,40)",COMUNA 11,1,,,
2024,1,2023-12-31,"[40,50)",COMUNA 11,1,,,
2024,1,2023-12-31,"[60,70)",COMUNA 11,1,,,
2024,1,2023-12-31,"[0,10)",COMUNA 12,0,,,
2024,1,2023-12-31,"[10,20)",COMUNA 12,1,,,
2024,1,2023-12-31,"[20,30)",COMUNA 12,0,,,
2024,1,2023-12-31,"[40,50)",COMUNA 12,1,,,
2024,1,2023-12-31,"[60,70)",COMUNA 12,0,,,
2024,1,2023-12-31,"[70,80)",COMUNA 12,1,,,
2024,1,2023-12-31,"[0,10)",COMUNA 13,0,,,
2024,1,2023-12-31,"[10,20)",COMUNA 13,0,,,
2024,1,2023-12-31,"[20,30)",COMUNA 13,1,,,
2024,1,2023-12-31,"[30,40)",COMUNA 13,0,,,
2024,1,2023-12-31,"[40,50)",COMUNA 13,1,,,
2024,1,2023-12-31,"[50,60)",COMUNA 13,0,,,
2024,1,2023-12-31,"[60,70)",COMUNA 13,0,,,
2024,1,2023-12-31,"[70,80)",COMUNA 13,0,,,
2024,1,2023-12-31,"[10,20)",COMUNA 14,0,,,
2024,1,2023-12-31,"[20,30)",COMUNA 14,0,,,
2024,1,2023-12-31,"[30,40)",COMUNA 14,0,,,
2024,1,2023-12-31,"[40,50)",COMUNA 14,1,,,
2024,1,2023-12-31,"[50,60)",COMUNA 14,0,,,
2024,1,2023-12-31,"[60,70)",COMUNA 14,0,,,
2024,1,2023-12-31,"[0,10)",COMUNA 15,0,,,
2024,1,2023-12-31,"[20,30)",COMUNA 15,1,,,
2024,1,2023-12-31,"[30,40)",COMUNA 15,1,,,
2024,1,2023-12-31,"[40,50)",COMUNA 15,0,,,
2024,1,2023-12-31,"[50,60)",COMUNA 15,0,,,
2024,1,2023-12-31,"[60,70)",COMUNA 15,1,,,
2024,1,2023-12-31,"[70,80)",COMUNA 15,0,,,
2024,1,2023-12-31,"[20,30)",COMUNA 2,0,,,
2024,1,2023-12-31,"[30,40)",COMUNA 2,0,,,
2024,1,2023-12-31,"[40,50)",COMUNA 2,0,,,
2024,1,2023-12-31,"[50,60)",COMUNA 2,1,,,
2024,1,2023-12-31,"[60,70)",COMUNA 2,1,,,
2024,1,2023-12-31,"[20,30)",COMUNA 3,1,,,
2024,1,2023-12-31,"[30,40)",COMUNA 3,0,,,
2024,1,2023-12-31,"[40,50)",COMUNA 3,0,,,
2024,1,2023-12-31,"[70,80)",COMUNA 3,1,,,
2024,1,2023-12-31,"[0,10)",COMUNA 4,0,,,
2024,1,2023-12-31,"[10,20)",COMUNA 4,1,,,
2024,1,2023-12-31,"[20,30)",COMUNA 4,3,,,
2024,1,2023-12-31,"[30,40)",COMUNA 4,1,,,
2024,1,2023-12-31,"[40,50)",COMUNA 4,0,,,
2024,1,2023-12-31,"[50,60)",COMUNA 4,1,,,
2024,1,2023-12-31,"[60,70)",COMUNA 4,0,,,
2024,1,2023-12-31,"[30,40)",COMUNA 5,1,,,
2024,1,2023-12-31,"[40,50)",COMUNA 5,0,,,
2024,1,2023-12-31,"[50,60)",COMUNA 5,1,,,
2024,1,2023-12-31,"[60,70)",COMUNA 5,2,,,
2024,1,2023-12-31,"[10,20)",COMUNA 6,0,,,
2024,1,2023-12-31,"[20,30)",COMUNA 6,1,,,
2024,1,2023-12-31,"[30,40)",COMUNA 6,0,,,
2024,1,2023-12-31,"[40,50)",COMUNA 6,0,,,
2024,1,2023-12-31,"[50,60)",COMUNA 6,0,,,
2024,1,2023-12-31,"[60,70)",COMUNA 6,0,,,
2024,1,2023-12-31,"[70,80)",COMUNA 6,0,,,
2024,1,2023-12-31,"[0,10)",COMUNA 7,0,,,
2024,1,2023-12-31,"[10,20)",COMUNA 7,0,,,
2024,1,2023-12-31,"[20,30)",COMUNA 7,1,,,
2024,1,2023-12-31,"[30,40)",COMUNA 7,1,,,
2024,1,2023-12-31,"[40,50)",COMUNA 7,0,,,
2024,1,2023-12-31,"[50,60)",COMUNA 7,0,,,
2024,1,2023-12-31,"[60,70)",COMUNA 7,0,,,
2024,1,2023-12-31,"[70,80)",COMUNA 7,0,,,
2024,1,2023-12-31,"[0,10)",COMUNA 8,1,,,
2024,1,2023-12-31,"[10,20)",COMUNA 8,2,,,
2024,1,2023-12-31,"[20,30)",COMUNA 8,0,,,
2024,1,2023-12-31,"[30,40)",COMUNA 8,0,,,
2024,1,2023-12-31,"[40,50)",COMUNA 8,0,,,
2024,1,2023-12-31,"[50,60)",COMUNA 8,1,,,
2024,1,2023-12-31,"[20,30)",COMUNA 9,0,,,
2024,1,2023-12-31,"[30,40)",COMUNA 9,0,,,
2024,1,2023-12-31,"[40,50)",COMUNA 9,0,,,
2024,1,2023-12-31,"[50,60)",COMUNA 9,0,,,
2024,1,2023-12-31,"[60,70)",COMUNA 9,0,,,
2024,1,2023-12-31,"[0,10)",SIN DATOS,0,,,
2024,1,2023-12-31,"[20,30)",SIN DATOS,1,,,
2024,1,2023-12-31,"[30,40)",SIN DATOS,1,,,
2024,1,2023-12-31,"[50,60)",SIN DATOS,0,,,
2024,1,2023-12-31,SIN DATOS,SIN DATOS,0,,,
2024,2,2024-01-07,"[0,10)",COMUNA 1,0,,,
2024,2,2024-01-07,"[10,20)",COMUNA 1,2,,,
2024,2,2024-01-07,"[20,30)",COMUNA 1,3,,,
2024,2,2024-01-07,"[30,40)",COMUNA 1,6,,,
2024,2,2024-01-07,"[40,50)",COMUNA 1,3,,,
2024,2,2024-01-07,"[50,60)",COMUNA 1,2,,,
2024,2,2024-01-07,"[10,20)",COMUNA 10,0,,,
2024,2,2024-01-07,"[20,30)",COMUNA 10,0,,,
2024,2,2024-01-07,"[30,40)",COMUNA 10,1,,,
2024,2,2024-01-07,"[40,50)",COMUNA 10,0,,,
2024,2,2024-01-07,"[50,60)",COMUNA 10,0,,,
2024,2,2024-01-07,"[60,70)",COMUNA 10,0,,,
2024,2,2024-01-07,"[70,80)",COMUNA 10,0,,,
2024,2,2024-01-07,"[10,20)",COMUNA 11,1,,,
2024,2,2024-01-07,"[20,30)",COMUNA 11,0,,,
2024,2,2024-01-07,"[30,40)",COMUNA 11,0,,,
2024,2,2024-01-07,"[40,50)",COMUNA 11,2,,,
2024,2,2024-01-07,"[50,60)",COMUNA 11,0,,,
2024,2,2024-01-07,"[60,70)",COMUNA 11,0,,,
2024,2,2024-01-07,"[0,10)",COMUNA 12,1,,,
2024,2,2024-01-07,"[10,20)",COMUNA 12,1,,,
2024,2,2024-01-07,"[20,30)",COMUNA 12,1,,,
2024,2,2024-01-07,"[30,40)",COMUNA 12,0,,,
2024,2,2024-01-07,"[40,50)",COMUNA 12,1,,,
2024,2,2024-01-07,"[60,70)",COMUNA 12,0,,,
2024,2,2024-01-07,"[70,80)",COMUNA 12,0,,,
2024,2,2024-01-07,"[0,10)",COMUNA 13,0,,,
2024,2,2024-01-07,"[10,20)",COMUNA 13,0,,,
2024,2,2024-01-07,"[20,30)",COMUNA 13,1,,,
2024,2,2024-01-07,"[30,40)",COMUNA 13,3,,,
2024,2,2024-01-07,"[40,50)",COMUNA 13,1,,,
2024,2,2024-01-07,"[50,60)",COMUNA 13,2,,,
2024,2,2024-01-07,"[60,70)",COMUNA 13,0,,,
2024,2,2024-01-07,"[70,80)",COMUNA 13,0,,,
2024,2,2024-01-07,"[10,20)",COMUNA 14,0,,,
2024,2,2024-01-07,"[20,30)",COMUNA 14,2,,,
2024,2,2024-01-07,"[30,40)",COMUNA 14,2,,,
2024,2,2024-01-07,"[40,50)",COMUNA 14,0,,,
2024,2,2024-01-07,"[50,60)",COMUNA 14,0,,,
2024,2,2024-01-07,"[60,70)",COMUNA 14,0,,,
2024,2,2024-01-07,"[80,90)",COMUNA 14,0,,,
2024,2,2024-01-07,"[0,10)",COMUNA 15,1,,,
2024,2,2024-01-07,"[10,20)",COMUNA 15,1,,,
2024,2,2024-01-07,"[20,30)",COMUNA 15,1,,,
2024,2,2024-01-07,"[30,40)",COMUNA 15,1,,,
2024,2,2024-01-07,"[40,50)",COMUNA 15,1,,,
2024,2,2024-01-07,"[50,60)",COMUNA 15,2,,,
2024,2,2024-01-07,"[60,70)",COMUNA 15,0,,,
2024,2,2024-01-07,"[70,80)",COMUNA 15,0,,,
2024,2,2024-01-07,"[80,90)",COMUNA 15,1,,,
2024,2,2024-01-07,"[10,20)",COMUNA 2,0,,,
2024,2,2024-01-07,"[20,30)",COMUNA 2,1,,,
2024,2,2024-01-07,"[30,40)",COMUNA 2,1,,,
2024,2,2024-01-07,"[40,50)",COMUNA 2,0,,,
2024,2,2024-01-07,"[50,60)",COMUNA 2,0,,,
2024,2,2024-01-07,"[60,70)",COMUNA 2,1,,,
2024,2,2024-01-07,"[70,80)",COMUNA 2,0,,,
2024,2,2024-01-07,"[0,10)",COMUNA 3,0,,,
2024,2,2024-01-07,"[10,20)",COMUNA 3,4,,,
2024,2,2024-01-07,"[20,30)",COMUNA 3,0,,,
2024,2,2024-01-07,"[30,40)",COMUNA 3,3,,,
2024,2,2024-01-07,"[40,50)",COMUNA 3,1,,,
2024,2,2024-01-07,"[50,60)",COMUNA 3,1,,,
2024,2,2024-01-07,"[60,70)",COMUNA 3,0,,,
2024,2,2024-01-07,"[70,80)",COMUNA 3,0,,,
2024,2,2024-01-07,"[0,10)",COMUNA 4,1,,,
2024,2,2024-01-07,"[10,20)",COMUNA 4,1,,,
2024,2,2024-01-07,"[20,30)",COMUNA 4,1,,,
2024,2,2024-01-07,"[30,40)",COMUNA 4,2,,,
2024,2,2024-01-07,"[40,50)",COMUNA 4,3,,,
2024,2,2024-01-07,"[50,60)",COMUNA 4,2,,,
2024,2,2024-01-07,"[60,70)",COMUNA 4,2,,,
2024,2,2024-01-07,"[70,80)",COMUNA 4,1,,,
2024,2,2024-01-07,"[0,10)",COMUNA 5,0,,,
2024,2,2024-01-07,"[10,20)",COMUNA 5,0,,,
2024,2,2024-01-07,"[20,30)",COMUNA 5,1,,,
2024,2,2024-01-07,"[30,40)",COMUNA 5,0,,,
2024,2,2024-01-07,"[40,50)",COMUNA 5,1,,,
2024,2,2024-01-07,"[50,60)",COMUNA 5,1,,,
2024,2,2024-01-07,"[60,70)",COMUNA 5,0,,,
2024,2,2024-01-07,"[10,20)",COMUNA 6,1,,,
2024,2,2024-01-07,"[20,30)",COMUNA 6,1,,,
2024,2,2024-01-07,"[30,40)",COMUNA 6,0,,,
2024,2,2024-01-07,"[40,50)",COMUNA 6,0,,,
2024,2,2024-01-07,"[50,60)",COMUNA 6,2,,,
2024,2,2024-01-07,"[60,70)",COMUNA 6,1,,,
2024,2,2024-01-07,"[70,80)",COMUNA 6,0,,,
2024,2,2024-01-07,"[0,10)",COMUNA 7,0,,,
2024,2,2024-01-07,"[10,20)",COMUNA 7,0,,,
2024,2,2024-01-07,"[20,30)",COMUNA 7,0,,,
2024,2,2024-01-07,"[30,40)",COMUNA 7,0,,,
2024,2,2024-01-07,"[40,50)",COMUNA 7,0,,,
2024,2,2024-01-07,"[50,60)",COMUNA 7,0,,,
2024,2,2024-01-07,"[60,70)",COMUNA 7,0,,,
2024,2,2024-01-07,"[80,90)",COMUNA 7,0,,,
2024,2,2024-01-07,"[0,10)",COMUNA 8,1,,,
2024,2,2024-01-07,"[10,20)",COMUNA 8,1,,,
2024,2,2024-01-07,"[20,30)",COMUNA 8,1,,,
2024,2,2024-01-07,"[30,40)",COMUNA 8,2,,,
2024,2,2024-01-07,"[40,50)",COMUNA 8,3,,,
2024,2,2024-01-07,"[50,60)",COMUNA 8,1,,,
2024,2,2024-01-07,"[60,70)",COMUNA 8,0,,,
2024,2,2024-01-07,"[70,80)",COMUNA 8,0,,,
2024,2,2024-01-07,"[80,90)",COMUNA 8,0,,,
2024,2,2024-01-07,"[10,20)",COMUNA 9,0,,,
2024,2,2024-01-07,"[20,30)",COMUNA 9,0,,,
2024,2,2024-01-07,"[30,40)",COMUNA 9,1,,,
2024,2,2024-01-07,"[40,50)",COMUNA 9,0,,,
2024,2,2024-01-07,"[50,60)",COMUNA 9,0,,,
2024,2,2024-01-07,"[60,70)",COMUNA 9,0,,,
2024,2,2024-01-07,"[0,10)",SIN DATOS,0,,,
2024,2,2024-01-07,"[10,20)",SIN DATOS,1,,,
2024,2,2024-01-07,"[20,30)",SIN DATOS,2,,,
2024,2,2024-01-07,"[30,40)",SIN DATOS,0,,,
2024,2,2024-01-07,"[40,50)",SIN DATOS,2,,,
2024,2,2024-01-07,"[50,60)",SIN DATOS,0,,,
2024,3,2024-01-14,"[0,10)",COMUNA 1,0,,,
2024,3,2024-01-14,"[10,20)",COMUNA 1,1,,,
2024,3,2024-01-14,"[20,30)",COMUNA 1,5,,,
2024,3,2024-01-14,"[30,40)",COMUNA 1,4,,,
2024,3,2024-01-14,"[40,50)",COMUNA 1,1,,,
2024,3,2024-01-14,"[50,60)",COMUNA 1,0,,,
2024,3,2024-01-14,"[70,80)",COMUNA 1,1,,,
2024,3,2024-01-14,"[10,20)",COMUNA 10,0,,,
2024,3,2024-01-14,"[20,30)",COMUNA 10,0,,,
2024,3,2024-01-14,"[30,40)",COMUNA 10,0,,,
2024,3,2024-01-14,"[40,50)",COMUNA 10,0,,,
2024,3,2024-01-14,"[50,60)",COMUNA 10,1,,,
2024,3,2024-01-14,"[60,70)",COMUNA 10,0,,,
2024,3,2024-01-14,"[70,80)",COMUNA 10,0,,,
2024,3,2024-01-14,"[10,20)",COMUNA 11,0,,,
2024,3,2024-01-14,"[20,30)",COMUNA 11,4,,,
2024,3,2024-01-14,"[30,40)",COMUNA 11,3,,,
2024,3,2024-01-14,"[40,50)",COMUNA 11,2,,,
2024,3,2024-01-14,"[60,70)",COMUNA 11,1,,,
2024,3,2024-01-14,"[0,10)",COMUNA 12,0,,,
2024,3,2024-01-14,"[10,20)",COMUNA 12,3,,,
2024,3,2024-01-14,"[20,30)",COMUNA 12,2,,,
2024,3,2024-01-14,"[30,40)",COMUNA 12,1,,,
2024,3,2024-01-14,"[40,50)",COMUNA 12,1,,,
2024,3,2024-01-14,"[50,60)",COMUNA 12,1,,,
2024,3,2024-01-14,"[0,10)",COMUNA 13,0,,,
2024,3,2024-01-14,"[20,30)",COMUNA 13,0,,,
2024,3,2024-01-14,"[30,40)",COMUNA 13,2,,,
2024,3,2024-01-14,"[40,50)",COMUNA 13,2,,,
2024,3,2024-01-14,"[50,60)",COMUNA 13,1,,,
2024,3,2024-01-14,"[60,70)",COMUNA 13,1,,,
2024,3,2024-01-14,"[70,80)",COMUNA 13,0,,,
2024,3,2024-01-14,"[0,10)",COMUNA 14,0,,,
2024,3,2024-01-14,"[20,30)",COMUNA 14,2,,,
2024,3,2024-01-14,"[30,40)",COMUNA 14,2,,,
2024,3,2024-01-14,"[40,50)",COMUNA 14,1,,,
2024,3,2024-01-14,"[50,60)",COMUNA 14,1,,,
2024,3,2024-01-14,"[60,70)",COMUNA 14,0,,,
2024,3,2024-01-14,"[70,80)",COMUNA 14,0,,,
2024,3,2024-01-14,"[80,90)",COMUNA 14,0,,,
2024,3,2024-01-14,"[0,10)",COMUNA 15,0,,,
2024,3,2024-01-14,"[10,20)",COMUNA 15,2,,,
2024,3,2024-01-14,"[20,30)",COMUNA 15,0,,,
2024,3,2024-01-14,"[30,40)",COMUNA 15,3,,,
2024,3,2024-01-14,"[40,50)",COMUNA 15,1,,,
2024,3,2024-01-14,"[50,60)",COMUNA 15,0,,,
2024,3,2024-01-14,"[60,70)",COMUNA 15,1,,,
2024,3,2024-01-14,"[70,80)",COMUNA 15,2,,,
2024,3,2024-01-14,"[80,90)",COMUNA 15,0,,,
2024,3,2024-01-14,"[0,10)",COMUNA 2,0,,,
2024,3,2024-01-14,"[10,20)",COMUNA 2,0,,,
2024,3,2024-01-14,"[20,30)",COMUNA 2,0,,,
2024,3,2024-01-14,"[30,40)",COMUNA 2,0,,,
2024,3,2024-01-14,"[40,50)",COMUNA 2,0,,,
2024,3,2024-01-14,"[50,60)",COMUNA 2,0,,,
2024,3,2024-01-14,"[60,70)",COMUNA 2,0,,,
2024,3,2024-01-14,"[70,80)",COMUNA 2,0,,,
2024,3,2024-01-14,"[0,10)",COMUNA 3,0,,,
2024,3,2024-01-14,"[10,20)",COMUNA 3,0,,,
2024,3,2024-01-14,"[20,30)",COMUNA 3,0,,,
2024,3,2024-01-14,"[30,40)",COMUNA 3,1,,,
2024,3,2024-01-14,"[40,50)",COMUNA 3,4,,,
2024,3,2024-01-14,"[50,60)",COMUNA 3,0,,,
2024,3,2024-01-14,"[60,70)",COMUNA 3,1,,,
2024,3,2024-01-14,"[0,10)",COMUNA 4,0,,,
2024,3,2024-01-14,"[10,20)",COMUNA 4,1,,,
2024,3,2024-01-14,"[20,30)",COMUNA 4,1,,,
2024,3,2024-01-14,"[30,40)",COMUNA 4,2,,,
2024,3,2024-01-14,"[40,50)",COMUNA 4,4,,,
2024,3,2024-01-14,"[50,60)",COMUNA 4,2,,,
2024,3,2024-01-14,"[60,70)",COMUNA 4,1,,,
2024,3,2024-01-14,"[0,10)",COMUNA 5,0,,,
2024,3,2024-01-14,"[20,30)",COMUNA 5,1,,,
2024,3,2024-01-14,"[30,40)",COMUNA 5,1,,,
2024,3,2024-01-14,"[40,50)",COMUNA 5,1,,,
2024,3,2024-01-14,"[50,60)",COMUNA 5,0,,,
2024,3,2024-01-14,"[60,70)",COMUNA 5,0,,,
2024,3,2024-01-14,"[0,10)",COMUNA 6,0,,,
2024,3,2024-01-14,"[10,20)",COMUNA 6,0,,,
2024,3,2024-01-14,"[20,30)",COMUNA 6,1,,,
2024,3,2024-01-14,"[30,40)",COMUNA 6,1,,,
2024,3,2024-01-14,"[40,50)",COMUNA 6,1,,,
2024,3,2024-01-14,"[50,60)",COMUNA 6,0,,,
2024,3,2024-01-14,"[60,70)",COMUNA 6,0,,,
2024,3,2024-01-14,"[0,10)",COMUNA 7,0,,,
2024,3,2024-01-14,"[10,20)",COMUNA 7,0,,,
2024,3,2024-01-14,"[20,30)",COMUNA 7,0,,,
2024,3,2024-01-14,"[30,40)",COMUNA 7,1,,,
2024,3,2024-01-14,"[40,50)",COMUNA 7,1,,,
2024,3,2024-01-14,"[50,60)",COMUNA 7,2,,,
2024,3,2024-01-14,"[60,70)",COMUNA 7,0,,,
2024,3,2024-01-14,"[70,80)",COMUNA 7,0,,,
2024,3,2024-01-14,"[0,10)",COMUNA 8,0,,,
2024,3,2024-01-14,"[10,20)",COMUNA 8,4,,,
2024,3,2024-01-14,"[20,30)",COMUNA 8,3,,,
2024,3,2024-01-14,"[30,40)",COMUNA 8,1,,,
2024,3,2024-01-14,"[40,50)",COMUNA 8,2,,,
2024,3,2024-01-14,"[50,60)",COMUNA 8,0,,,
2024,3,2024-01-14,"[60,70)",COMUNA 8,0,,,
2024,3,2024-01-14,"[70,80)",COMUNA 8,0,,,
2024,3,2024-01-14,"[80,90)",COMUNA 8,0,,,
2024,3,2024-01-14,"[0,10)",COMUNA 9,0,,,
2024,3,2024-01-14,"[10,20)",COMUNA 9,0,,,
2024,3,2024-01-14,"[20,30)",COMUNA 9,0,,,
2024,3,2024-01-14,"[30,40)",COMUNA 9,1,,,
2024,3,2024-01-14,"[40,50)",COMUNA 9,2,,,
2024,3,2024-01-14,"[50,60)",COMUNA 9,0,,,
2024,3,2024-01-14,"[60,70)",COMUNA 9,0,,,
2024,3,2024-01-14,"[70,80)",COMUNA 9,0,,,
2024,3,2024-01-14,"[80,90)",COMUNA 9,0,,,
2024,3,2024-01-14,"[0,10)",SIN DATOS,2,,,
2024,3,2024-01-14,"[10,20)",SIN DATOS,1,,,
2024,3,2024-01-14,"[20,30)",SIN DATOS,2,,,
2024,3,2024-01-14,"[30,40)",SIN DATOS,5,,,
2024,3,2024-01-14,"[40,50)",SIN DATOS,4,,,
2024,3,2024-01-14,"[50,60)",SIN DATOS,3,,,
2024,3,2024-01-14,"[60,70)",SIN DATOS,0,,,
2024,3,2024-01-14,"[70,80)",SIN DATOS,1,,,
2024,3,2024-01-14,"[80,90)",SIN DATOS,0,,,
2024,4,2024-01-21,"[0,10)",COMUNA 1,0,,,
2024,4,2024-01-21,"[10,20)",COMUNA 1,4,,,
2024,4,2024-01-21,"[20,30)",COMUNA 1,4,,,
2024,4,2024-01-21,"[30,40)",COMUNA 1,4,,,
2024,4,2024-01-21,"[40,50)",COMUNA 1,0,,,
2024,4,2024-01-21,"[50,60)",COMUNA 1,2,,,
2024,4,2024-01-21,"[60,70)",COMUNA 1,0,,,
2024,4,2024-01-21,"[70,80)",COMUNA 1,0,,,
2024,4,2024-01-21,"[80,90)",COMUNA 1,0,,,
2024,4,2024-01-21,"[0,10)",COMUNA 10,0,,,
2024,4,2024-01-21,"[10,20)",COMUNA 10,0,,,
2024,4,2024-01-21,"[20,30)",COMUNA 10,1,,,
2024,4,2024-01-21,"[30,40)",COMUNA 10,1,,,
2024,4,2024-01-21,"[40,50)",COMUNA 10,2,,,
2024,4,2024-01-21,"[50,60)",COMUNA 10,0,,,
2024,4,2024-01-21,"[70,80)",COMUNA 10,0,,,
2024,4,2024-01-21,"[80,90)",COMUNA 10,0,,,
2024,4,2024-01-21,"[90,100)",COMUNA 10,0,,,
2024,4,2024-01-21,"[0,10)",COMUNA 11,1,,,
2024,4,2024-01-21,"[10,20)",COMUNA 11,1,,,
2024,4,2024-01-21,"[20,30)",COMUNA 11,2,,,
2024,4,2024-01-21,"[30,40)",COMUNA 11,1,,,
2024,4,2024-01-21,"[40,50)",COMUNA 11,2,,,
2024,4,2024-01-21,"[50,60)",COMUNA 11,0,,,
2024,4,2024-01-21,"[60,70)",COMUNA 11,3,,,
2024,4,2024-01-21,"[70,80)",COMUNA 11,2,,,
2024,4,2024-01-21,"[80,90)",COMUNA 11,0,,,
2024,4,2024-01-21,"[0,10)",COMUNA 12,0,,,
2024,4,2024-01-21,"[10,20)",COMUNA 12,0,,,
2024,4,2024-01-21,"[20,30)",COMUNA 12,0,,,
2024,4,2024-01-21,"[30,40)",COMUNA 12,0,,,
2024,4,2024-01-21,"[40,50)",COMUNA 12,2,,,
2024,4,2024-01-21,"[50,60)",COMUNA 12,3,,,
2024,4,2024-01-21,"[60,70)",COMUNA 12,0,,,
2024,4,2024-01-21,"[70,80)",COMUNA 12,0,,,
2024,4,2024-01-21,"[0,10)",COMUNA 13,0,,,
2024,4,2024-01-21,"[20,30)",COMUNA 13,1,,,
2024,4,2024-01-21,"[30,40)",COMUNA 13,0,,,
2024,4,2024-01-21,"[40,50)",COMUNA 13,1,,,
2024,4,2024-01-21,"[50,60)",COMUNA 13,0,,,
2024,4,2024-01-21,"[60,70)",COMUNA 13,0,,,
2024,4,2024-01-21,"[70,80)",COMUNA 13,1,,,
2024,4,2024-01-21,"[80,90)",COMUNA 13,2,,,
2024,4,2024-01-21,"[90,100)",COMUNA 13,0,,,
2024,4,2024-01-21,"[0,10)",COMUNA 14,0,,,
2024,4,2024-01-21,"[10,20)",COMUNA 14,1,,,
2024,4,2024-01-21,"[20,30)",COMUNA 14,0,,,
2024,4,2024-01-21,"[30,40)",COMUNA 14,1,,,
2024,4,2024-01-21,"[40,50)",COMUNA 14,0,,,
2024,4,2024-01-21,"[50,60)",COMUNA 14,0,,,
2024,4,2024-01-21,"[60,70)",COMUNA 14,0,,,
2024,4,2024-01-21,"[70,80)",COMUNA 14,1,,,
2024,4,2024-01-21,"[0,10)",COMUNA 15,0,,,
2024,4,2024-01-21,"[10,20)",COMUNA 15,2,,,
2024,4,2024-01-21,"[20,30)",COMUNA 15,5,,,
2024,4,2024-01-21,"[30,40)",COMUNA 15,2,,,
2024,4,2024-01-21,"[40,50)",COMUNA 15,2,,,
2024,4,2024-01-21,"[50,60)",COMUNA 15,0,,,
2024,4,2024-01-21,"[60,70)",COMUNA 15,1,,,
2024,4,2024-01-21,"[70,80)",COMUNA 15,2,,,
2024,4,2024-01-21,"[90,100)",COMUNA 15,0,,,
2024,4,2024-01-21,"[10,20)",COMUNA 2,0,,,
2024,4,2024-01-21,"[20,30)",COMUNA 2,0,,,
2024,4,2024-01-21,"[60,70)",COMUNA 2,0,,,
2024,4,2024-01-21,"[10,20)",COMUNA 3,1,,,
2024,4,2024-01-21,"[20,30)",COMUNA 3,1,,,
2024,4,2024-01-21,"[30,40)",COMUNA 3,2,,,
2024,4,2024-01-21,"[40,50)",COMUNA 3,2,,,
2024,4,2024-01-21,"[60,70)",COMUNA 3,0,,,
2024,4,2024-01-21,"[0,10)",COMUNA 4,1,,,
2024,4,2024-01-21,"[10,20)",COMUNA 4,3,,,
2024,4,2024-01-21,"[20,30)",COMUNA 4,0,,,
2024,4,2024-01-21,"[30,40)",COMUNA 4,7,,,
2024,4,2024-01-21,"[40,50)",COMUNA 4,3,,,
2024,4,2024-01-21,"[50,60)",COMUNA 4,0,,,
2024,4,2024-01-21,"[60,70)",COMUNA 4,0,,,
2024,4,2024-01-21,"[70,80)",COMUNA 4,0,,,
2024,4,2024-01-21,"[0,10)",COMUNA 5,0,,,
2024,4,2024-01-21,"[10,20)",COMUNA 5,1,,,
2024,4,2024-01-21,"[20,30)",COMUNA 5,0,,,
2024,4,2024-01-21,"[30,40)",COMUNA 5,2,,,
2024,4,2024-01-21,"[40,50)",COMUNA 5,1,,,
2024,4,2024-01-21,"[50,60)",COMUNA 5,1,,,
2024,4,2024-01-21,"[60,70)",COMUNA 5,0,,,
2024,4,2024-01-21,"[70,80)",COMUNA 5,0,,,
2024,4,2024-01-21,"[0,10)",COMUNA 6,0,,,
2024,4,2024-01-21,"[10,20)",COMUNA 6,1,,,
2024,4,2024-01-21,"[20,30)",COMUNA 6,0,,,
2024,4,2024-01-21,"[30,40)",COMUNA 6,0,,,
2024,4,2024-01-21,"[40,50)",COMUNA 6,0,,,
2024,4,2024-01-21,"[50,60)",COMUNA 6,2,,,
2024,4,2024-01-21,"[60,70)",COMUNA 6,0,,,
2024,4,2024-01-21,"[0,10)",COMUNA 7,0,,,
2024,4,2024-01-21,"[10,20)",COMUNA 7,0,,,
2024,4,2024-01-21,"[20,30)",COMUNA 7,2,,,
2024,4,2024-01-21,"[30,40)",COMUNA 7,1,,,
2024,4,2024-01-21,"[40,50)",COMUNA 7,2,,,
2024,4,2024-01-21,"[50,60)",COMUNA 7,2,,,
2024,4,2024-01-21,"[60,70)",COMUNA 7,1,,,
2024,4,2024-01-21,"[80,90)",COMUNA 7,0,,,
2024,4,2024-01-21,"[0,10)",COMUNA 8,1,,,
2024,4,2024-01-21,"[10,20)",COMUNA 8,3,,,
2024,4,2024-01-21,"[20,30)",COMUNA 8,3,,,
2024,4,2024-01-21,"[30,40)",COMUNA 8,3,,,
2024,4,2024-01-21,"[40,50)",COMUNA 8,1,,,
2024,4,2024-01-21,"[50,60)",COMUNA 8,2,,,
2024,4,2024-01-21,"[70,80)",COMUNA 8,0,,,
2024,4,2024-01-21,"[0,10)",COMUNA 9,0,,,
2024,4,2024-01-21,"[10,20)",COMUNA 9,0,,,
2024,4,2024-01-21,"[20,30)",COMUNA 9,1,,,
2024,4,2024-01-21,"[30,40)",COMUNA 9,1,,,
2024,4,2024-01-21,"[40,50)",COMUNA 9,0,,,
2024,4,2024-01-21,"[50,60)",COMUNA 9,0,,,
2024,4,2024-01-21,"[60,70)",COMUNA 9,0,,,
2024,4,2024-01-21,"[70,80)",COMUNA 9,1,,,
2024,4,2024-01-21,"[80,90)",COMUNA 9,0,,,
2024,4,2024-01-21,"[0,10)",SIN DATOS,0,,,
2024,4,2024-01-21,"[10,20)",SIN DATOS,4,,,
2024,4,2024-01-21,"[20,30)",SIN DATOS,3,,,
2024,4,2024-01-21,"[30,40)",SIN DATOS,3,,,
2024,4,2024-01-21,"[40,50)",SIN DATOS,2,,,
2024,4,2024-01-21,"[50,60)",SIN DATOS,1,,,
2024,4,2024-01-21,"[60,70)",SIN DATOS,3,,,
2024,4,2024-01-21,"[70,80)",SIN DATOS,0,,,
2024,5,2024-01-28,"[0,10)",COMUNA 1,2,,,
2024,5,2024-01-28,"[10,20)",COMUNA 1,5,,,
2024,5,2024-01-28,"[20,30)",COMUNA 1,4,,,
2024,5,2024-01-28,"[30,40)",COMUNA 1,6,,,
2024,5,2024-01-28,"[40,50)",COMUNA 1,4,,,
2024,5,2024-01-28,"[50,60)",COMUNA 1,4,,,
2024,5,2024-01-28,"[60,70)",COMUNA 1,6,,,
2024,5,2024-01-28,"[70,80)",COMUNA 1,0,,,
2024,5,2024-01-28,"[0,10)",COMUNA 10,0,,,
2024,5,2024-01-28,"[10,20)",COMUNA 10,0,,,
2024,5,2024-01-28,"[20,30)",COMUNA 10,0,,,
2024,5,2024-01-28,"[30,40)",COMUNA 10,1,,,
2024,5,2024-01-28,"[40,50)",COMUNA 10,2,,,
2024,5,2024-01-28,"[50,60)",COMUNA 10,3,,,
2024,5,2024-01-28,"[60,70)",COMUNA 10,3,,,
2024,5,2024-01-28,"[0,10)",COMUNA 11,1,,,
2024,5,2024-01-28,"[10,20)",COMUNA 11,4,,,
2024,5,2024-01-28,"[20,30)",COMUNA 11,7,,,
2024,5,2024-01-28,"[30,40)",COMUNA 11,1,,,
2024,5,2024-01-28,"[40,50)",COMUNA 11,4,,,
2024,5,2024-01-28,"[50,60)",COMUNA 11,3,,,
2024,5,2024-01-28,"[60,70)",COMUNA 11,1,,,
2024,5,2024-01-28,"[70,80)",COMUNA 11,2,,,
2024,5,2024-01-28,"[80,90)",COMUNA 11,0,,,
2024,5,2024-01-28,"[0,10)",COMUNA 12,0,,,
2024,5,2024-01-28,"[10,20)",COMUNA 12,1,,,
2024,5,2024-01-28,"[20,30)",COMUNA 12,0,,,
2024,5,2024-01-28,"[30,40)",COMUNA 12,2,,,
2024,5,2024-01-28,"[40,50)",COMUNA 12,1,,,
2024,5,2024-01-28,"[50,60)",COMUNA 12,1,,,
2024,5,2024-01-28,"[60,70)",COMUNA 12,0,,,
2024,5,2024-01-28,"[70,80)",COMUNA 12,2,,,
2024,5,2024-01-28,"[80,90)",COMUNA 12,0,,,
2024,5,2024-01-28,"[0,10)",COMUNA 13,0,,,
2024,5,2024-01-28,"[10,20)",COMUNA 13,0,,,
2024,5,2024-01-28,"[20,30)",COMUNA 13,0,,,
2024,5,2024-01-28,"[30,40)",COMUNA 13,1,,,
2024,5,2024-01-28,"[40,50)",COMUNA 13,2,,,
2024,5,2024-01-28,"[50,60)",COMUNA 13,2,,,
2024,5,2024-01-28,"[60,70)",COMUNA 13,2,,,
2024,5,2024-01-28,"[70,80)",COMUNA 13,0,,,
2024,5,2024-01-28,"[80,90)",COMUNA 13,0,,,
2024,5,2024-01-28,"[90,100)",COMUNA 13,0,,,
2024,5,2024-01-28,"[0,10)",COMUNA 14,0,,,
2024,5,2024-01-28,"[10,20)",COMUNA 14,0,,,
2024,5,2024-01-28,"[20,30)",COMUNA 14,4,,,
2024,5,2024-01-28,"[30,40)",COMUNA 14,2,,,
2024,5,2024-01-28,"[40,50)",COMUNA 14,2,,,
2024,5,2024-01-28,"[50,60)",COMUNA 14,0,,,
2024,5,2024-01-28,"[60,70)",COMUNA 14,0,,,
2024,5,2024-01-28,"[70,80)",COMUNA 14,0,,,
2024,5,2024-01-28,"[0,10)",COMUNA 15,2,,,
2024,5,2024-01-28,"[10,20)",COMUNA 15,4,,,
2024,5,2024-01-28,"[20,30)",COMUNA 15,4,,,
2024,5,2024-01-28,"[30,40)",COMUNA 15,5,,,
2024,5,2024-01-28,"[40,50)",COMUNA 15,3,,,
2024,5,2024-01-28,"[50,60)",COMUNA 15,4,,,
2024,5,2024-01-28,"[60,70)",COMUNA 15,4,,,
2024,5,2024-01-28,"[70,80)",COMUNA 15,0,,,
2024,5,2024-01-28,"[80,90)",COMUNA 15,1,,,
2024,5,2024-01-28,"[20,30)",COMUNA 2,1,,,
2024,5,2024-01-28,"[30,40)",COMUNA 2,0,,,
2024,5,2024-01-28,"[60,70)",COMUNA 2,1,,,
2024,5,2024-01-28,"[0,10)",COMUNA 3,1,,,
2024,5,2024-01-28,"[10,20)",COMUNA 3,2,,,
2024,5,2024-01-28,"[20,30)",COMUNA 3,4,,,
2024,5,2024-01-28,"[30,40)",COMUNA 3,3,,,
2024,5,2024-01-28,"[40,50)",COMUNA 3,1,,,
2024,5,2024-01-28,"[50,60)",COMUNA 3,0,,,
2024,5,2024-01-28,"[80,90)",COMUNA 3,0,,,
2024,5,2024-01-28,"[0,10)",COMUNA 4,1,,,
2024,5,2024-01-28,"[10,20)",COMUNA 4,4,,,
2024,5,2024-01-28,"[20,30)",COMUNA 4,2,,,
2024,5,2024-01-28,"[30,40)",COMUNA 4,4,,,
2024,5,2024-01-28,"[40,50)",COMUNA 4,4,,,
2024,5,2024-01-28,"[50,60)",COMUNA 4,5,,,
2024,5,2024-01-28,"[60,70)",COMUNA 4,2,,,
2024,5,2024-01-28,"[70,80)",COMUNA 4,0,,,
2024,5,2024-01-28,"[0,10)",COMUNA 5,0,,,
2024,5,2024-01-28,"[10,20)",COMUNA 5,3,,,
2024,5,2024-01-28,"[20,30)",COMUNA 5,1,,,
2024,5,2024-01-28,"[30,40)",COMUNA 5,0,,,
2024,5,2024-01-28,"[40,50)",COMUNA 5,0,,,
2024,5,2024-01-28,"[50,60)",COMUNA 5,2,,,
2024,5,2024-01-28,"[60,70)",COMUNA 5,1,,,
2024,5,2024-01-28,"[70,80)",COMUNA 5,1,,,
2024,5,2024-01-28,"[0,10)",COMUNA 6,0,,,
2024,5,2024-01-28,"[20,30)",COMUNA 6,2,,,
2024,5,2024-01-28,"[30,40)",COMUNA 6,4,,,
2024,5,2024-01-28,"[40,50)",COMUNA 6,1,,,
2024,5,2024-01-28,"[50,60)",COMUNA 6,1,,,
2024,5,2024-01-28,"[60,70)",COMUNA 6,2,,,
2024,5,2024-01-28,"[80,90)",COMUNA 6,1,,,
2024,5,2024-01-28,"[0,10)",COMUNA 7,1,,,
2024,5,2024-01-28,"[10,20)",COMUNA 7,3,,,
2024,5,2024-01-28,"[20,30)",COMUNA 7,3,,,
2024,5,2024-01-28,"[30,40)",COMUNA 7,2,,,
2024,5,2024-01-28,"[40,50)",COMUNA 7,1,,,
2024,5,2024-01-28,"[50,60)",COMUNA 7,1,,,
2024,5,2024-01-28,"[60,70)",COMUNA 7,2,,,
2024,5,2024-01-28,"[70,80)",COMUNA 7,0,,,
2024,5,2024-01-28,"[90,100)",COMUNA 7,0,,,
2024,5,2024-01-28,"[0,10)",COMUNA 8,0,,,
2024,5,2024-01-28,"[10,20)",COMUNA 8,5,,,
2024,5,2024-01-28,"[20,30)",COMUNA 8,3,,,
2024,5,2024-01-28,"[30,40)",COMUNA 8,0,,,
2024,5,2024-01-28,"[40,50)",COMUNA 8,4,,,
2024,5,2024-01-28,"[50,60)",COMUNA 8,0,,,
2024,5,2024-01-28,"[60,70)",COMUNA 8,0,,,
2024,5,2024-01-28,"[70,80)",COMUNA 8,1,,,
2024,5,2024-01-28,"[0,10)",COMUNA 9,0,,,
2024,5,2024-01-28,"[10,20)",COMUNA 9,1,,,
2024,5,2024-01-28,"[20,30)",COMUNA 9,0,,,
2024,5,2024-01-28,"[30,40)",COMUNA 9,3,,,
2024,5,2024-01-28,"[40,50)",COMUNA 9,0,,,
2024,5,2024-01-28,"[50,60)",COMUNA 9,0,,,
2024,5,2024-01-28,"[60,70)",COMUNA 9,1,,,
2024,5,2024-01-28,"[70,80)",COMUNA 9,1,,,
2024,5,2024-01-28,"[0,10)",SIN DATOS,2,,,
2024,5,2024-01-28,"[10,20)",SIN DATOS,1,,,
2024,5,2024-01-28,"[20,30)",SIN DATOS,7,,,
2024,5,2024-01-28,"[30,40)",SIN DATOS,3,,,
2024,5,2024-01-28,"[40,50)",SIN DATOS,9,,,
2024,5,2024-01-28,"[50,60)",SIN DATOS,9,,,
2024,5,2024-01-28,"[60,70)",SIN DATOS,1,,,
2024,5,2024-01-28,"[70,80)",SIN DATOS,0,,,
2024,6,2024-02-04,"[0,10)",COMUNA 1,3,,,
2024,6,2024-02-04,"[10,20)",COMUNA 1,9,,,
2024,6,2024-02-04,"[20,30)",COMUNA 1,15,,,
2024,6,2024-02-04,"[30,40)",COMUNA 1,12,,,
2024,6,2024-02-04,"[40,50)",COMUNA 1,12,,,
2024,6,2024-02-04,"[50,60)",COMUNA 1,9,,,
2024,6,2024-02-04,"[60,70)",COMUNA 1,5,,,
2024,6,2024-02-04,"[70,80)",COMUNA 1,0,,,
2024,6,2024-02-04,"[0,10)",COMUNA 10,0,,,
2024,6,2024-02-04,"[10,20)",COMUNA 10,2,,,
2024,6,2024-02-04,"[20,30)",COMUNA 10,3,,,
2024,6,2024-02-04,"[30,40)",COMUNA 10,7,,,
2024,6,2024-02-04,"[40,50)",COMUNA 10,3,,,
2024,6,2024-02-04,"[50,60)",COMUNA 10,0,,,
2024,6,2024-02-04,"[60,70)",COMUNA 10,1,,,
2024,6,2024-02-04,"[70,80)",COMUNA 10,2,,,
2024,6,2024-02-04,"[80,90)",COMUNA 10,1,,,
2024,6,2024-02-04,"[10,20)",COMUNA 11,8,,,
2024,6,2024-02-04,"[20,30)",COMUNA 11,5,,,
2024,6,2024-02-04,"[30,40)",COMUNA 11,8,,,
2024,6,2024-02-04,"[40,50)",COMUNA 11,7,,,
2024,6,2024-02-04,"[50,60)",COMUNA 11,3,,,
2024,6,2024-02-04,"[60,70)",COMUNA 11,5,,,
2024,6,2024-02-04,"[70,80)",COMUNA 11,4,,,
2024,6,2024-02-04,"[80,90)",COMUNA 11,0,,,
2024,6,2024-02-04,"[0,10)",COMUNA 12,0,,,
2024,6,2024-02-04,"[10,20)",COMUNA 12,1,,,
2024,6,2024-02-04,"[20,30)",COMUNA 12,2,,,
2024,6,2024-02-04,"[30,40)",COMUNA 12,6,,,
2024,6,2024-02-04,"[40,50)",COMUNA 12,3,,,
2024,6,2024-02-04,"[50,60)",COMUNA 12,3,,,
2024,6,2024-02-04,"[60,70)",COMUNA 12,2,,,
2024,6,2024-02-04,"[70,80)",COMUNA 12,2,,,
2024,6,2024-02-04,"[80,90)",COMUNA 12,1,,,
2024,6,2024-02-04,"[0,10)",COMUNA 13,2,,,
2024,6,2024-02-04,"[10,20)",COMUNA 13,1,,,
2024,6,2024-02-04,"[20,30)",COMUNA 13,3,,,
2024,6,2024-02-04,"[30,40)",COMUNA 13,4,,,
2024,6,2024-02-04,"[40,50)",COMUNA 13,3,,,
2024,6,2024-02-04,"[50,60)",COMUNA 13,3,,,
2024,6,2024-02-04,"[60,70)",COMUNA 13,1,,,
2024,6,2024-02-04,"[70,80)",COMUNA 13,1,,,
2024,6,2024-02-04,"[80,90)",COMUNA 13,1,,,
2024,6,2024-02-04,"[10,20)",COMUNA 14,1,,,
2024,6,2024-02-04,"[20,30)",COMUNA 14,6,,,
2024,6,2024-02-04,"[30,40)",COMUNA 14,5,,,
2024,6,2024-02-04,"[40,50)",COMUNA 14,1,,,
2024,6,2024-02-04,"[50,60)",COMUNA 14,2,,,
2024,6,2024-02-04,"[60,70)",COMUNA 14,1,,,
2024,6,2024-02-04,"[70,80)",COMUNA 14,1,,,
2024,6,2024-02-04,"[0,10)",COMUNA 15,1,,,
2024,6,2024-02-04,"[10,20)",COMUNA 15,6,,,
2024,6,2024-02-04,"[20,30)",COMUNA 15,7,,,
2024,6,2024-02-04,"[30,40)",COMUNA 15,7,,,
2024,6,2024-02-04,"[40,50)",COMUNA 15,13,,,
2024,6,2024-02-04,"[50,60)",COMUNA 15,3,,,
2024,6,2024-02-04,"[60,70)",COMUNA 15,7,,,
2024,6,2024-02-04,"[70,80)",COMUNA 15,1,,,
2024,6,2024-02-04,"[80,90)",COMUNA 15,0,,,
2024,6,2024-02-04,"[0,10)",COMUNA 2,0,,,
2024,6,2024-02-04,"[10,20)",COMUNA 2,1,,,
2024,6,2024-02-04,"[20,30)",COMUNA 2,1,,,
2024,6,2024-02-04,"[30,40)",COMUNA 2,2,,,
2024,6,2024-02-04,"[50,60)",COMUNA 2,0,,,
2024,6,2024-02-04,"[60,70)",COMUNA 2,1,,,
2024,6,2024-02-04,"[0,10)",COMUNA 3,0,,,
2024,6,2024-02-04,"[10,20)",COMUNA 3,2,,,
2024,6,2024-02-04,"[20,30)",COMUNA 3,2,,,
2024,6,2024-02-04,"[30,40)",COMUNA 3,6,,,
2024,6,2024-02-04,"[40,50)",COMUNA 3,4,,,
2024,6,2024-02-04,"[50,60)",COMUNA 3,2,,,
2024,6,2024-02-04,"[60,70)",COMUNA 3,3,,,
2024,6,2024-02-04,"[70,80)",COMUNA 3,1,,,
2024,6,2024-02-04,"[0,10)",COMUNA 4,3,,,
2024,6,2024-02-04,"[10,20)",COMUNA 4,8,,,
2024,6,2024-02-04,"[20,30)",COMUNA 4,9,,,
2024,6,2024-02-04,"[30,40)",COMUNA 4,3,,,
2024,6,2024-02-04,"[40,50)",COMUNA 4,6,,,
2024,6,2024-02-04,"[50,60)",COMUNA 4,4,,,
2024,6,2024-02-04,"[60,70)",COMUNA 4,3,,,
2024,6,2024-02-04,"[70,80)",COMUNA 4,2,,,
2024,6,2024-02-04,"[0,10)",COMUNA 5,1,,,
2024,6,2024-02-04,"[10,20)",COMUNA 5,1,,,
2024,6,2024-02-04,"[20,30)",COMUNA 5,3,,,
2024,6,2024-02-04,"[30,40)",COMUNA 5,2,,,
2024,6,2024-02-04,"[40,50)",COMUNA 5,1,,,
2024,6,2024-02-04,"[50,60)",COMUNA 5,1,,,
2024,6,2024-02-04,"[60,70)",COMUNA 5,4,,,
2024,6,2024-02-04,"[70,80)",COMUNA 5,0,,,
2024,6,2024-02-04,"[0,10)",COMUNA 6,0,,,
2024,6,2024-02-04,"[10,20)",COMUNA 6,0,,,
2024,6,2024-02-04,"[20,30)",COMUNA 6,4,,,
2024,6,2024-02-04,"[30,40)",COMUNA 6,3,,,
2024,6,2024-02-04,"[40,50)",COMUNA 6,5,,,
2024,6,2024-02-04,"[50,60)",COMUNA 6,3,,,
2024,6,2024-02-04,"[60,70)",COMUNA 6,1,,,
2024,6,2024-02-04,"[80,90)",COMUNA 6,0,,,
2024,6,2024-02-04,"[0,10)",COMUNA 7,0,,,
2024,6,2024-02-04,"[10,20)",COMUNA 7,3,,,
2024,6,2024-02-04,"[20,30)",COMUNA 7,7,,,
2024,6,2024-02-04,"[30,40)",COMUNA 7,7,,,
2024,6,2024-02-04,"[40,50)",COMUNA 7,4,,,
2024,6,2024-02-04,"[50,60)",COMUNA 7,3,,,
2024,6,2024-02-04,"[60,70)",COMUNA 7,2,,,
2024,6,2024-02-04,"[70,80)",COMUNA 7,0,,,
2024,6,2024-02-04,"[0,10)",COMUNA 8,1,,,
2024,6,2024-02-04,"[10,20)",COMUNA 8,6,,,
2024,6,2024-02-04,"[20,30)",COMUNA 8,2,,,
2024,6,2024-02-04,"[30,40)",COMUNA 8,3,,,
2024,6,2024-02-04,"[40,50)",COMUNA 8,7,,,
2024,6,2024-02-04,"[50,60)",COMUNA 8,5,,,
2024,6,2024-02-04,"[60,70)",COMUNA 8,5,,,
2024,6,2024-02-04,"[70,80)",COMUNA 8,2,,,
2024,6,2024-02-04,"[80,90)",COMUNA 8,0,,,
2024,6,2024-02-04,"[0,10)",COMUNA 9,1,,,
2024,6,2024-02-04,"[10,20)",COMUNA 9,2,,,
2024,6,2024-02-04,"[20,30)",COMUNA 9,4,,,
2024,6,2024-02-04,"[30,40)",COMUNA 9,3,,,
2024,6,2024-02-04,"[40,50)",COMUNA 9,1,,,
2024,6,2024-02-04,"[50,60)",COMUNA 9,0,,,
2024,6,2024-02-04,"[60,70)",COMUNA 9,2,,,
2024,6,2024-02-04,"[70,80)",COMUNA 9,1,,,
2024,6,2024-02-04,"[0,10)",SIN DATOS,3,,,
2024,6,2024-02-04,"[10,20)",SIN DATOS,5,,,
2024,6,2024-02-04,"[20,30)",SIN DATOS,11,,,
2024,6,2024-02-04,"[30,40)",SIN DATOS,11,,,
2024,6,2024-02-04,"[40,50)",SIN DATOS,4,,,
2024,6,2024-02-04,"[50,60)",SIN DATOS,4,,,
2024,6,2024-02-04,"[60,70)",SIN DATOS,1,,,
2024,6,2024-02-04,"[70,80)",SIN DATOS,1,,,
2024,6,2024-02-04,"[80,90)",SIN DATOS,2,,,
2024,7,2024-02-11,"[0,10)",COMUNA 1,1,,,
2024,7,2024-02-11,"[10,20)",COMUNA 1,19,,,
2024,7,2024-02-11,"[20,30)",COMUNA 1,18,,,
2024,7,2024-02-11,"[30,40)",COMUNA 1,17,,,
2024,7,2024-02-11,"[40,50)",COMUNA 1,21,,,
2024,7,2024-02-11,"[50,60)",COMUNA 1,16,,,
2024,7,2024-02-11,"[60,70)",COMUNA 1,9,,,
2024,7,2024-02-11,"[70,80)",COMUNA 1,2,,,
2024,7,2024-02-11,"[0,10)",COMUNA 10,2,,,
2024,7,2024-02-11,"[10,20)",COMUNA 10,3,,,
2024,7,2024-02-11,"[20,30)",COMUNA 10,5,,,
2024,7,2024-02-11,"[30,40)",COMUNA 10,6,,,
2024,7,2024-02-11,"[40,50)",COMUNA 10,5,,,
2024,7,2024-02-11,"[50,60)",COMUNA 10,5,,,
2024,7,2024-02-11,"[60,70)",COMUNA 10,1,,,
2024,7,2024-02-11,"[70,80)",COMUNA 10,1,,,
2024,7,2024-02-11,"[80,90)",COMUNA 10,0,,,
2024,7,2024-02-11,"[0,10)",COMUNA 11,2,,,
2024,7,2024-02-11,"[10,20)",COMUNA 11,5,,,
2024,7,2024-02-11,"[20,30)",COMUNA 11,4,,,
2024,7,2024-02-11,"[30,40)",COMUNA 11,9,,,
2024,7,2024-02-11,"[40,50)",COMUNA 11,16,,,
2024,7,2024-02-11,"[50,60)",COMUNA 11,20,,,
2024,7,2024-02-11,"[60,70)",COMUNA 11,12,,,
2024,7,2024-02-11,"[70,80)",COMUNA 11,5,,,
2024,7,2024-02-11,"[80,90)",COMUNA 11,1,,,
2024,7,2024-02-11,"[0,10)",COMUNA 12,2,,,
2024,7,2024-02-11,"[10,20)",COMUNA 12,3,,,
2024,7,2024-02-11,"[20,30)",COMUNA 12,7,,,
2024,7,2024-02-11,"[30,40)",COMUNA 12,5,,,
2024,7,2024-02-11,"[40,50)",COMUNA 12,7,,,
2024,7,2024-02-11,"[50,60)",COMUNA 12,3,,,
2024,7,2024-02-11,"[60,70)",COMUNA 12,4,,,
2024,7,2024-02-11,"[70,80)",COMUNA 12,5,,,
2024,7,2024-02-11,"[80,90)",COMUNA 12,1,,,
2024,7,2024-02-11,"[0,10)",COMUNA 13,0,,,
2024,7,2024-02-11,"[10,20)",COMUNA 13,3,,,
2024,7,2024-02-11,"[20,30)",COMUNA 13,7,,,
2024,7,2024-02-11,"[30,40)",COMUNA 13,2,,,
2024,7,2024-02-11,"[40,50)",COMUNA 13,1,,,
2024,7,2024-02-11,"[50,60)",COMUNA 13,1,,,
2024,7,2024-02-11,"[60,70)",COMUNA 13,3,,,
2024,7,2024-02-11,"[70,80)",COMUNA 13,2,,,
2024,7,2024-02-11,"[0,10)",COMUNA 14,0,,,
2024,7,2024-02-11,"[10,20)",COMUNA 14,3,,,
2024,7,2024-02-11,"[20,30)",COMUNA 14,3,,,
2024,7,2024-02-11,"[30,40)",COMUNA 14,6,,,
2024,7,2024-02-11,"[40,50)",COMUNA 14,3,,,
2024,7,2024-02-11,"[50,60)",COMUNA 14,4,,,
2024,7,2024-02-11,"[60,70)",COMUNA 14,7,,,
2024,7,2024-02-11,"[70,80)",COMUNA 14,2,,,
2024,7,2024-02-11,"[0,10)",COMUNA 15,3,,,
2024,7,2024-02-11,"[10,20)",COMUNA 15,10,,,
2024,7,2024-02-11,"[20,30)",COMUNA 15,12,,,
2024,7,2024-02-11,"[30,40)",COMUNA 15,18,,,
2024,7,2024-02-11,"[40,50)",COMUNA 15,17,,,
2024,7,2024-02-11,"[50,60)",COMUNA 15,15,,,
2024,7,2024-02-11,"[60,70)",COMUNA 15,8,,,
2024,7,2024-02-11,"[70,80)",COMUNA 15,4,,,
2024,7,2024-02-11,"[80,90)",COMUNA 15,1,,,
2024,7,2024-02-11,"[0,10)",COMUNA 2,0,,,
2024,7,2024-02-11,"[20,30)",COMUNA 2,4,,,
2024,7,2024-02-11,"[30,40)",COMUNA 2,2,,,
2024,7,2024-02-11,"[50,60)",COMUNA 2,3,,,
2024,7,2024-02-11,"[60,70)",COMUNA 2,0,,,
2024,7,2024-02-11,"[70,80)",COMUNA 2,1,,,
2024,7,2024-02-11,"[80,90)",COMUNA 2,0,,,
2024,7,2024-02-11,"[90,100)",COMUNA 2,1,,,
2024,7,2024-02-11,"[10,20)",COMUNA 3,6,,,
2024,7,2024-02-11,"[20,30)",COMUNA 3,3,,,
2024,7,2024-02-11,"[30,40)",COMUNA 3,8,,,
2024,7,2024-02-11,"[40,50)",COMUNA 3,10,,,
2024,7,2024-02-11,"[50,60)",COMUNA 3,1,,,
2024,7,2024-02-11,"[60,70)",COMUNA 3,2,,,
2024,7,2024-02-11,"[0,10)",COMUNA 4,3,,,
2024,7,2024-02-11,"[10,20)",COMUNA 4,2,,,
2024,7,2024-02-11,"[20,30)",COMUNA 4,13,,,
2024,7,2024-02-11,"[30,40)",COMUNA 4,7,,,
2024,7,2024-02-11,"[40,50)",COMUNA 4,10,,,
2024,7,2024-02-11,"[50,60)",COMUNA 4,2,,,
2024,7,2024-02-11,"[60,70)",COMUNA 4,3,,,
2024,7,2024-02-11,"[70,80)",COMUNA 4,3,,,
2024,7,2024-02-11,"[0,10)",COMUNA 5,1,,,
2024,7,2024-02-11,"[10,20)",COMUNA 5,1,,,
2024,7,2024-02-11,"[20,30)",COMUNA 5,5,,,
2024,7,2024-02-11,"[30,40)",COMUNA 5,4,,,
2024,7,2024-02-11,"[40,50)",COMUNA 5,5,,,
2024,7,2024-02-11,"[50,60)",COMUNA 5,3,,,
2024,7,2024-02-11,"[60,70)",COMUNA 5,1,,,
2024,7,2024-02-11,"[70,80)",COMUNA 5,1,,,
2024,7,2024-02-11,"[90,100)",COMUNA 5,1,,,
2024,7,2024-02-11,"[0,10)",COMUNA 6,1,,,
2024,7,2024-02-11,"[10,20)",COMUNA 6,2,,,
2024,7,2024-02-11,"[20,30)",COMUNA 6,2,,,
2024,7,2024-02-11,"[30,40)",COMUNA 6,0,,,
2024,7,2024-02-11,"[40,50)",COMUNA 6,3,,,
2024,7,2024-02-11,"[50,60)",COMUNA 6,5,,,
2024,7,2024-02-11,"[60,70)",COMUNA 6,2,,,
2024,7,2024-02-11,"[70,80)",COMUNA 6,1,,,
2024,7,2024-02-11,"[80,90)",COMUNA 6,1,,,
2024,7,2024-02-11,"[0,10)",COMUNA 7,0,,,
2024,7,2024-02-11,"[10,20)",COMUNA 7,6,,,
2024,7,2024-02-11,"[20,30)",COMUNA 7,4,,,
2024,7,2024-02-11,"[30,40)",COMUNA 7,8,,,
2024,7,2024-02-11,"[40,50)",COMUNA 7,8,,,
2024,7,2024-02-11,"[50,60)",COMUNA 7,11,,,
2024,7,2024-02-11,"[60,70)",COMUNA 7,9,,,
2024,7,2024-02-11,"[70,80)",COMUNA 7,2,,,
2024,7,2024-02-11,"[80,90)",COMUNA 7,1,,,
2024,7,2024-02-11,"[0,10)",COMUNA 8,2,,,
2024,7,2024-02-11,"[10,20)",COMUNA 8,7,,,
2024,7,2024-02-11,"[20,30)",COMUNA 8,17,,,
2024,7,2024-02-11,"[30,40)",COMUNA 8,9,,,
2024,7,2024-02-11,"[40,50)",COMUNA 8,11,,,
2024,7,2024-02-11,"[50,60)",COMUNA 8,5,,,
2024,7,2024-02-11,"[60,70)",COMUNA 8,3,,,
2024,7,2024-02-11,"[70,80)",COMUNA 8,0,,,
2024,7,2024-02-11,"[80,90)",COMUNA 8,0,,,
2024,7,2024-02-11,"[0,10)",COMUNA 9,0,,,
2024,7,2024-02-11,"[10,20)",COMUNA 9,3,,,
2024,7,2024-02-11,"[20,30)",COMUNA 9,11,,,
2024,7,2024-02-11,"[30,40)",COMUNA 9,2,,,
2024,7,2024-02-11,"[40,50)",COMUNA 9,5,,,
2024,7,2024-02-11,"[50,60)",COMUNA 9,6,,,
2024,7,2024-02-11,"[60,70)",COMUNA 9,8,,,
2024,7,2024-02-11,"[80,90)",COMUNA 9,1,,,
2024,7,2024-02-11,"[90,100)",COMUNA 9,1,,,
2024,7,2024-02-11,"[0,10)",SIN DATOS,2,,,
2024,7,2024-02-11,"[10,20)",SIN DATOS,16,,,
2024,7,2024-02-11,"[20,30)",SIN DATOS,13,,,
2024,7,2024-02-11,"[30,40)",SIN DATOS,17,,,
2024,7,2024-02-11,"[40,50)",SIN DATOS,18,,,
2024,7,2024-02-11,"[50,60)",SIN DATOS,10,,,
2024,7,2024-02-11,"[60,70)",SIN DATOS,8,,,
2024,7,2024-02-11,"[70,80)",SIN DATOS,4,,,
2024,7,2024-02-11,"[80,90)",SIN DATOS,1,,,
2024,7,2024-02-11,"[90,100)",SIN DATOS,1,,,
2024,8,2024-02-18,"[0,10)",COMUNA 1,4,,,
2024,8,2024-02-18,"[10,20)",COMUNA 1,25,,,
2024,8,2024-02-18,"[20,30)",COMUNA 1,18,,,
2024,8,2024-02-18,"[30,40)",COMUNA 1,26,,,
2024,8,2024-02-18,"[40,50)",COMUNA 1,27,,,
2024,8,2024-02-18,"[50,60)",COMUNA 1,18,,,
2024,8,2024-02-18,"[60,70)",COMUNA 1,8,,,
2024,8,2024-02-18,"[70,80)",COMUNA 1,4,,,
2024,8,2024-02-18,"[0,10)",COMUNA 10,4,,,
2024,8,2024-02-18,"[10,20)",COMUNA 10,6,,,
2024,8,2024-02-18,"[20,30)",COMUNA 10,9,,,
2024,8,2024-02-18,"[30,40)",COMUNA 10,8,,,
2024,8,2024-02-18,"[40,50)",COMUNA 10,13,,,
2024,8,2024-02-18,"[50,60)",COMUNA 10,11,,,
2024,8,2024-02-18,"[60,70)",COMUNA 10,2,,,
2024,8,2024-02-18,"[70,80)",COMUNA 10,5,,,
2024,8,2024-02-18,"[0,10)",COMUNA 11,4,,,
2024,8,2024-02-18,"[10,20)",COMUNA 11,19,,,
2024,8,2024-02-18,"[20,30)",COMUNA 11,15,,,
2024,8,2024-02-18,"[30,40)",COMUNA 11,17,,,
2024,8,2024-02-18,"[40,50)",COMUNA 11,18,,,
2024,8,2024-02-18,"[50,60)",COMUNA 11,11,,,
2024,8,2024-02-18,"[60,70)",COMUNA 11,23,,,
2024,8,2024-02-18,"[70,80)",COMUNA 11,7,,,
2024,8,2024-02-18,"[80,90)",COMUNA 11,4,,,
2024,8,2024-02-18,"[0,10)",COMUNA 12,5,,,
2024,8,2024-02-18,"[10,20)",COMUNA 12,9,,,
2024,8,2024-02-18,"[20,30)",COMUNA 12,6,,,
2024,8,2024-02-18,"[30,40)",COMUNA 12,6,,,
2024,8,2024-02-18,"[40,50)",COMUNA 12,6,,,
2024,8,2024-02-18,"[50,60)",COMUNA 12,9,,,
2024,8,2024-02-18,"[60,70)",COMUNA 12,8,,,
2024,8,2024-02-18,"[70,80)",COMUNA 12,4,,,
2024,8,2024-02-18,"[80,90)",COMUNA 12,2,,,
2024,8,2024-02-18,"[90,100)",COMUNA 12,1,,,
2024,8,2024-02-18,"[0,10)",COMUNA 13,2,,,
2024,8,2024-02-18,"[10,20)",COMUNA 13,3,,,
2024,8,2024-02-18,"[20,30)",COMUNA 13,3,,,
2024,8,2024-02-18,"[30,40)",COMUNA 13,4,,,
2024,8,2024-02-18,"[40,50)",COMUNA 13,8,,,
2024,8,2024-02-18,"[50,60)",COMUNA 13,4,,,
2024,8,2024-02-18,"[60,70)",COMUNA 13,6,,,
2024,8,2024-02-18,"[70,80)",COMUNA 13,1,,,
2024,8,2024-02-18,"[80,90)",COMUNA 13,0,,,
2024,8,2024-02-18,"[90,100)",COMUNA 13,0,,,
2024,8,2024-02-18,"[0,10)",COMUNA 14,1,,,
2024,8,2024-02-18,"[10,20)",COMUNA 14,5,,,
2024,8,2024-02-18,"[20,30)",COMUNA 14,3,,,
2024,8,2024-02-18,"[30,40)",COMUNA 14,6,,,
2024,8,2024-02-18,"[40,50)",COMUNA 14,3,,,
2024,8,2024-02-18,"[50,60)",COMUNA 14,6,,,
2024,8,2024-02-18,"[60,70)",COMUNA 14,4,,,
2024,8,2024-02-18,"[70,80)",COMUNA 14,0,,,
2024,8,2024-02-18,"[80,90)",COMUNA 14,0,,,
2024,8,2024-02-18,"[0,10)",COMUNA 15,9,,,
2024,8,2024-02-18,"[10,20)",COMUNA 15,20,,,
2024,8,2024-02-18,"[20,30)",COMUNA 15,29,,,
2024,8,2024-02-18,"[30,40)",COMUNA 15,32,,,
2024,8,2024-02-18,"[40,50)",COMUNA 15,21,,,
2024,8,2024-02-18,"[50,60)",COMUNA 15,22,,,
2024,8,2024-02-18,"[60,70)",COMUNA 15,16,,,
2024,8,2024-02-18,"[70,80)",COMUNA 15,10,,,
2024,8,2024-02-18,"[80,90)",COMUNA 15,2,,,
2024,8,2024-02-18,"[0,10)",COMUNA 2,0,,,
2024,8,2024-02-18,"[10,20)",COMUNA 2,2,,,
2024,8,2024-02-18,"[20,30)",COMUNA 2,0,,,
2024,8,2024-02-18,"[30,40)",COMUNA 2,0,,,
2024,8,2024-02-18,"[40,50)",COMUNA 2,5,,,
2024,8,2024-02-18,"[50,60)",COMUNA 2,3,,,
2024,8,2024-02-18,"[60,70)",COMUNA 2,1,,,
2024,8,2024-02-18,"[70,80)",COMUNA 2,1,,,
2024,8,2024-02-18,"[0,10)",COMUNA 3,0,,,
2024,8,2024-02-18,"[10,20)",COMUNA 3,6,,,
2024,8,2024-02-18,"[20,30)",COMUNA 3,9,,,
2024,8,2024-02-18,"[30,40)",COMUNA 3,7,,,
2024,8,2024-02-18,"[40,50)",COMUNA 3,13,,,
2024,8,2024-02-18,"[50,60)",COMUNA 3,13,,,
2024,8,2024-02-18,"[60,70)",COMUNA 3,3,,,
2024,8,2024-02-18,"[70,80)",COMUNA 3,3,,,
2024,8,2024-02-18,"[90,100)",COMUNA 3,0,,,
2024,8,2024-02-18,"[0,10)",COMUNA 4,8,,,
2024,8,2024-02-18,"[10,20)",COMUNA 4,16,,,
2024,8,2024-02-18,"[20,30)",COMUNA 4,17,,,
2024,8,2024-02-18,"[30,40)",COMUNA 4,12,,,
2024,8,2024-02-18,"[40,50)",COMUNA 4,17,,,
2024,8,2024-02-18,"[50,60)",COMUNA 4,14,,,
2024,8,2024-02-18,"[60,70)",COMUNA 4,7,,,
2024,8,2024-02-18,"[70,80)",COMUNA 4,2,,,
2024,8,2024-02-18,"[80,90)",COMUNA 4,1,,,
2024,8,2024-02-18,"[0,10)",COMUNA 5,3,,,
2024,8,2024-02-18,"[10,20)",COMUNA 5,5,,,
2024,8,2024-02-18,"[20,30)",COMUNA 5,10,,,
2024,8,2024-02-18,"[30,40)",COMUNA 5,14,,,
2024,8,2024-02-18,"[40,50)",COMUNA 5,7,,,
2024,8,2024-02-18,"[50,60)",COMUNA 5,4,,,
2024,8,2024-02-18,"[60,70)",COMUNA 5,3,,,
2024,8,2024-02-18,"[70,80)",COMUNA 5,1,,,
2024,8,2024-02-18,"[80,90)",COMUNA 5,1,,,
2024,8,2024-02-18,"[90,100)",COMUNA 5,0,,,
2024,8,2024-02-18,"[0,10)",COMUNA 6,3,,,
2024,8,2024-02-18,"[10,20)",COMUNA 6,8,,,
2024,8,2024-02-18,"[20,30)",COMUNA 6,3,,,
2024,8,2024-02-18,"[30,40)",COMUNA 6,10,,,
2024,8,2024-02-18,"[40,50)",COMUNA 6,11,,,
2024,8,2024-02-18,"[50,60)",COMUNA 6,8,,,
2024,8,2024-02-18,"[60,70)",COMUNA 6,5,,,
2024,8,2024-02-18,"[80,90)",COMUNA 6,1,,,
2024,8,2024-02-18,"[90,100)",COMUNA 6,1,,,
2024,8,2024-02-18,"[0,10)",COMUNA 7,0,,,
2024,8,2024-02-18,"[10,20)",COMUNA 7,10,,,
2024,8,2024-02-18,"[20,30)",COMUNA 7,11,,,
2024,8,2024-02-18,"[30,40)",COMUNA 7,18,,,
2024,8,2024-02-18,"[40,50)",COMUNA 7,14,,,
2024,8,2024-02-18,"[50,60)",COMUNA 7,8,,,
2024,8,2024-02-18,"[60,70)",COMUNA 7,4,,,
2024,8,2024-02-18,"[70,80)",COMUNA 7,4,,,
2024,8,2024-02-18,"[80,90)",COMUNA 7,4,,,
2024,8,2024-02-18,"[0,10)",COMUNA 8,3,,,
2024,8,2024-02-18,"[10,20)",COMUNA 8,20,,,
2024,8,2024-02-18,"[20,30)",COMUNA 8,18,,,
2024,8,2024-02-18,"[30,40)",COMUNA 8,12,,,
2024,8,2024-02-18,"[40,50)",COMUNA 8,14,,,
2024,8,2024-02-18,"[50,60)",COMUNA 8,18,,,
2024,8,2024-02-18,"[60,70)",COMUNA 8,6,,,
2024,8,2024-02-18,"[70,80)",COMUNA 8,1,,,
2024,8,2024-02-18,"[80,90)",COMUNA 8,2,,,
2024,8,2024-02-18,"[0,10)",COMUNA 9,3,,,
2024,8,2024-02-18,"[10,20)",COMUNA 9,12,,,
2024,8,2024-02-18,"[20,30)",COMUNA 9,6,,,
2024,8,2024-02-18,"[30,40)",COMUNA 9,4,,,
2024,8,2024-02-18,"[40,50)",COMUNA 9,4,,,
2024,8,2024-02-18,"[50,60)",COMUNA 9,3,,,
2024,8,2024-02-18,"[60,70)",COMUNA 9,2,,,
2024,8,2024-02-18,"[70,80)",COMUNA 9,1,,,
2024,8,2024-02-18,"[80,90)",COMUNA 9,1,,,
2024,8,2024-02-18,"[90,100)",COMUNA 9,0,,,
2024,8,2024-02-18,"[0,10)",SIN DATOS,12,,,
2024,8,2024-02-18,"[10,20)",SIN DATOS,43,,,
2024,8,2024-02-18,"[20,30)",SIN DATOS,26,,,
2024,8,2024-02-18,"[30,40)",SIN DATOS,40,,,
2024,8,2024-02-18,"[40,50)",SIN DATOS,24,,,
2024,8,2024-02-18,"[50,60)",SIN DATOS,19,,,
2024,8,2024-02-18,"[60,70)",SIN DATOS,20,,,
2024,8,2024-02-18,"[70,80)",SIN DATOS,9,,,
2024,8,2024-02-18,"[80,90)",SIN DATOS,4,,,
2024,8,2024-02-18,"[90,100)",SIN DATOS,1,,,
2024,9,2024-02-25,"[0,10)",COMUNA 1,13,,,
2024,9,2024-02-25,"[10,20)",COMUNA 1,27,,,
2024,9,2024-02-25,"[20,30)",COMUNA 1,24,,,
2024,9,2024-02-25,"[30,40)",COMUNA 1,19,,,
2024,9,2024-02-25,"[40,50)",COMUNA 1,19,,,
2024,9,2024-02-25,"[50,60)",COMUNA 1,14,,,
2024,9,2024-02-25,"[60,70)",COMUNA 1,8,,,
2024,9,2024-02-25,"[70,80)",COMUNA 1,4,,,
2024,9,2024-02-25,"[80,90)",COMUNA 1,2,,,
2024,9,2024-02-25,"[0,10)",COMUNA 10,1,,,
2024,9,2024-02-25,"[10,20)",COMUNA 10,6,,,
2024,9,2024-02-25,"[20,30)",COMUNA 10,7,,,
2024,9,2024-02-25,"[30,40)",COMUNA 10,9,,,
2024,9,2024-02-25,"[40,50)",COMUNA 10,9,,,
2024,9,2024-02-25,"[50,60)",COMUNA 10,4,,,
2024,9,2024-02-25,"[60,70)",COMUNA 10,4,,,
2024,9,2024-02-25,"[70,80)",COMUNA 10,3,,,
2024,9,2024-02-25,"[80,90)",COMUNA 10,4,,,
2024,9,2024-02-25,"[0,10)",COMUNA 11,3,,,
2024,9,2024-02-25,"[10,20)",COMUNA 11,19,,,
2024,9,2024-02-25,"[20,30)",COMUNA 11,17,,,
2024,9,2024-02-25,"[30,40)",COMUNA 11,15,,,
2024,9,2024-02-25,"[40,50)",COMUNA 11,26,,,
2024,9,2024-02-25,"[50,60)",COMUNA 11,20,,,
2024,9,2024-02-25,"[60,70)",COMUNA 11,22,,,
2024,9,2024-02-25,"[70,80)",COMUNA 11,15,,,
2024,9,2024-02-25,"[80,90)",COMUNA 11,4,,,
2024,9,2024-02-25,"[90,100)",COMUNA 11,0,,,
2024,9,2024-02-25,"[0,10)",COMUNA 12,6,,,
2024,9,2024-02-25,"[10,20)",COMUNA 12,22,,,
2024,9,2024-02-25,"[20,30)",COMUNA 12,11,,,
2024,9,2024-02-25,"[30,40)",COMUNA 12,21,,,
2024,9,2024-02-25,"[40,50)",COMUNA 12,18,,,
2024,9,2024-02-25,"[50,60)",COMUNA 12,14,,,
2024,9,2024-02-25,"[60,70)",COMUNA 12,15,,,
2024,9,2024-02-25,"[70,80)",COMUNA 12,10,,,
2024,9,2024-02-25,"[80,90)",COMUNA 12,2,,,
2024,9,2024-02-25,"[90,100)",COMUNA 12,1,,,
2024,9,2024-02-25,"[0,10)",COMUNA 13,3,,,
2024,9,2024-02-25,"[10,20)",COMUNA 13,6,,,
2024,9,2024-02-25,"[20,30)",COMUNA 13,8,,,
2024,9,2024-02-25,"[30,40)",COMUNA 13,7,,,
2024,9,2024-02-25,"[40,50)",COMUNA 13,12,,,
2024,9,2024-02-25,"[50,60)",COMUNA 13,7,,,
2024,9,2024-02-25,"[60,70)",COMUNA 13,6,,,
2024,9,2024-02-25,"[70,80)",COMUNA 13,5,,,
2024,9,2024-02-25,"[80,90)",COMUNA 13,1,,,
2024,9,2024-02-25,"[90,100)",COMUNA 13,0,,,
2024,9,2024-02-25,"[0,10)",COMUNA 14,2,,,
2024,9,2024-02-25,"[10,20)",COMUNA 14,4,,,
2024,9,2024-02-25,"[20,30)",COMUNA 14,7,,,
2024,9,2024-02-25,"[30,40)",COMUNA 14,8,,,
2024,9,2024-02-25,"[40,50)",COMUNA 14,13,,,
2024,9,2024-02-25,"[50,60)",COMUNA 14,10,,,
2024,9,2024-02-25,"[60,70)",COMUNA 14,6,,,
2024,9,2024-02-25,"[70,80)",COMUNA 14,3,,,
2024,9,2024-02-25,"[80,90)",COMUNA 14,3,,,
2024,9,2024-02-25,"[0,10)",COMUNA 15,5,,,
2024,9,2024-02-25,"[10,20)",COMUNA 15,43,,,
2024,9,2024-02-25,"[20,30)",COMUNA 15,42,,,
2024,9,2024-02-25,"[30,40)",COMUNA 15,25,,,
2024,9,2024-02-25,"[40,50)",COMUNA 15,40,,,
2024,9,2024-02-25,"[50,60)",COMUNA 15,29,,,
2024,9,2024-02-25,"[60,70)",COMUNA 15,24,,,
2024,9,2024-02-25,"[70,80)",COMUNA 15,14,,,
2024,9,2024-02-25,"[80,90)",COMUNA 15,3,,,
2024,9,2024-02-25,"[90,100)",COMUNA 15,1,,,
2024,9,2024-02-25,"[0,10)",COMUNA 2,1,,,
2024,9,2024-02-25,"[10,20)",COMUNA 2,1,,,
2024,9,2024-02-25,"[20,30)",COMUNA 2,3,,,
2024,9,2024-02-25,"[30,40)",COMUNA 2,3,,,
2024,9,2024-02-25,"[40,50)",COMUNA 2,2,,,
2024,9,2024-02-25,"[50,60)",COMUNA 2,4,,,
2024,9,2024-02-25,"[60,70)",COMUNA 2,2,,,
2024,9,2024-02-25,"[70,80)",COMUNA 2,2,,,
2024,9,2024-02-25,"[80,90)",COMUNA 2,0,,,
2024,9,2024-02-25,"[0,10)",COMUNA 3,5,,,
2024,9,2024-02-25,"[10,20)",COMUNA 3,14,,,
2024,9,2024-02-25,"[20,30)",COMUNA 3,14,,,
2024,9,2024-02-25,"[30,40)",COMUNA 3,15,,,
2024,9,2024-02-25,"[40,50)",COMUNA 3,15,,,
2024,9,2024-02-25,"[50,60)",COMUNA 3,15,,,
2024,9,2024-02-25,"[60,70)",COMUNA 3,8,,,
2024,9,2024-02-25,"[70,80)",COMUNA 3,2,,,
2024,9,2024-02-25,"[80,90)",COMUNA 3,1,,,
2024,9,2024-02-25,"[90,100)",COMUNA 3,1,,,
2024,9,2024-02-25,"[0,10)",COMUNA 4,11,,,
2024,9,2024-02-25,"[10,20)",COMUNA 4,31,,,
2024,9,2024-02-25,"[20,30)",COMUNA 4,20,,,
2024,9,2024-02-25,"[30,40)",COMUNA 4,32,,,
2024,9,2024-02-25,"[40,50)",COMUNA 4,20,,,
2024,9,2024-02-25,"[50,60)",COMUNA 4,22,,,
2024,9,2024-02-25,"[60,70)",COMUNA 4,13,,,
2024,9,2024-02-25,"[70,80)",COMUNA 4,5,,,
2024,9,2024-02-25,"[90,100)",COMUNA 4,0,,,
2024,9,2024-02-25,"[0,10)",COMUNA 5,3,,,
2024,9,2024-02-25,"[10,20)",COMUNA 5,5,,,
2024,9,2024-02-25,"[20,30)",COMUNA 5,14,,,
2024,9,2024-02-25,"[30,40)",COMUNA 5,12,,,
2024,9,2024-02-25,"[40,50)",COMUNA 5,17,,,
2024,9,2024-02-25,"[50,60)",COMUNA 5,8,,,
2024,9,2024-02-25,"[60,70)",COMUNA 5,11,,,
2024,9,2024-02-25,"[70,80)",COMUNA 5,4,,,
2024,9,2024-02-25,"[80,90)",COMUNA 5,2,,,
2024,9,2024-02-25,"[0,10)",COMUNA 6,2,,,
2024,9,2024-02-25,"[10,20)",COMUNA 6,6,,,
2024,9,2024-02-25,"[20,30)",COMUNA 6,3,,,
2024,9,2024-02-25,"[30,40)",COMUNA 6,11,,,
2024,9,2024-02-25,"[40,50)",COMUNA 6,9,,,
2024,9,2024-02-25,"[50,60)",COMUNA 6,6,,,
2024,9,2024-02-25,"[60,70)",COMUNA 6,10,,,
2024,9,2024-02-25,"[70,80)",COMUNA 6,5,,,
2024,9,2024-02-25,"[80,90)",COMUNA 6,1,,,
2024,9,2024-02-25,"[0,10)",COMUNA 7,1,,,
2024,9,2024-02-25,"[10,20)",COMUNA 7,17,,,
2024,9,2024-02-25,"[20,30)",COMUNA 7,14,,,
2024,9,2024-02-25,"[30,40)",COMUNA 7,15,,,
2024,9,2024-02-25,"[40,50)",COMUNA 7,15,,,
2024,9,2024-02-25,"[50,60)",COMUNA 7,11,,,
2024,9,2024-02-25,"[60,70)",COMUNA 7,3,,,
2024,9,2024-02-25,"[70,80)",COMUNA 7,3,,,
2024,9,2024-02-25,"[80,90)",COMUNA 7,3,,,
2024,9,2024-02-25,"[0,10)",COMUNA 8,8,,,
2024,9,2024-02-25,"[10,20)",COMUNA 8,16,,,
2024,9,2024-02-25,"[20,30)",COMUNA 8,11,,,
2024,9,2024-02-25,"[30,40)",COMUNA 8,15,,,
2024,9,2024-02-25,"[40,50)",COMUNA 8,12,,,
2024,9,2024-02-25,"[50,60)",COMUNA 8,10,,,
2024,9,2024-02-25,"[60,70)",COMUNA 8,8,,,
2024,9,2024-02-25,"[70,80)",COMUNA 8,5,,,
2024,9,2024-02-25,"[80,90)",COMUNA 8,1,,,
2024,9,2024-02-25,"[90,100)",COMUNA 8,1,,,
2024,9,2024-02-25,"[0,10)",COMUNA 9,3,,,
2024,9,2024-02-25,"[10,20)",COMUNA 9,5,,,
2024,9,2024-02-25,"[20,30)",COMUNA 9,4,,,
2024,9,2024-02-25,"[30,40)",COMUNA 9,4,,,
2024,9,2024-02-25,"[40,50)",COMUNA 9,8,,,
2024,9,2024-02-25,"[50,60)",COMUNA 9,5,,,
2024,9,2024-02-25,"[60,70)",COMUNA 9,4,,,
2024,9,2024-02-25,"[70,80)",COMUNA 9,2,,,
2024,9,2024-02-25,"[80,90)",COMUNA 9,1,,,
2024,9,2024-02-25,"[0,10)",SIN DATOS,11,,,
2024,9,2024-02-25,"[10,20)",SIN DATOS,49,,,
2024,9,2024-02-25,"[100,110)",SIN DATOS,0,,,
2024,9,2024-02-25,"[20,30)",SIN DATOS,35,,,
2024,9,2024-02-25,"[30,40)",SIN DATOS,39,,,
2024,9,2024-02-25,"[40,50)",SIN DATOS,39,,,
2024,9,2024-02-25,"[50,60)",SIN DATOS,22,,,
2024,9,2024-02-25,"[60,70)",SIN DATOS,22,,,
2024,9,2024-02-25,"[70,80)",SIN DATOS,13,,,
2024,9,2024-02-25,"[80,90)",SIN DATOS,2,,,
2024,9,2024-02-25,"[90,100)",SIN DATOS,1,,,
2024,10,2024-03-03,"[0,10)",COMUNA 1,22,,,
2024,10,2024-03-03,"[10,20)",COMUNA 1,44,,,
2024,10,2024-03-03,"[20,30)",COMUNA 1,16,,,
2024,10,2024-03-03,"[30,40)",COMUNA 1,16,,,
2024,10,2024-03-03,"[40,50)",COMUNA 1,15,,,
2024,10,2024-03-03,"[50,60)",COMUNA 1,11,,,
2024,10,2024-03-03,"[60,70)",COMUNA 1,10,,,
2024,10,2024-03-03,"[70,80)",COMUNA 1,5,,,
2024,10,2024-03-03,"[80,90)",COMUNA 1,0,,,
2024,10,2024-03-03,"[90,100)",COMUNA 1,1,,,
2024,10,2024-03-03,"[0,10)",COMUNA 10,5,,,
2024,10,2024-03-03,"[10,20)",COMUNA 10,9,,,
2024,10,2024-03-03,"[20,30)",COMUNA 10,5,,,
2024,10,2024-03-03,"[30,40)",COMUNA 10,7,,,
2024,10,2024-03-03,"[40,50)",COMUNA 10,7,,,
2024,10,2024-03-03,"[50,60)",COMUNA 10,5,,,
2024,10,2024-03-03,"[60,70)",COMUNA 10,3,,,
2024,10,2024-03-03,"[70,80)",COMUNA 10,8,,,
2024,10,2024-03-03,"[80,90)",COMUNA 10,2,,,
2024,10,2024-03-03,"[0,10)",COMUNA 11,5,,,
2024,10,2024-03-03,"[10,20)",COMUNA 11,25,,,
2024,10,2024-03-03,"[20,30)",COMUNA 11,26,,,
2024,10,2024-03-03,"[30,40)",COMUNA 11,18,,,
2024,10,2024-03-03,"[40,50)",COMUNA 11,15,,,
2024,10,2024-03-03,"[50,60)",COMUNA 11,27,,,
2024,10,2024-03-03,"[60,70)",COMUNA 11,25,,,
2024,10,2024-03-03,"[70,80)",COMUNA 11,11,,,
2024,10,2024-03-03,"[80,90)",COMUNA 11,4,,,
2024,10,2024-03-03,"[90,100)",COMUNA 11,1,,,
2024,10,2024-03-03,"[0,10)",COMUNA 12,9,,,
2024,10,2024-03-03,"[10,20)",COMUNA 12,29,,,
2024,10,2024-03-03,"[20,30)",COMUNA 12,22,,,
2024,10,2024-03-03,"[30,40)",COMUNA 12,18,,,
2024,10,2024-03-03,"[40,50)",COMUNA 12,18,,,
2024,10,2024-03-03,"[50,60)",COMUNA 12,11,,,
2024,10,2024-03-03,"[60,70)",COMUNA 12,18,,,
2024,10,2024-03-03,"[70,80)",COMUNA 12,11,,,
2024,10,2024-03-03,"[80,90)",COMUNA 12,5,,,
2024,10,2024-03-03,"[90,100)",COMUNA 12,3,,,
2024,10,2024-03-03,"[0,10)",COMUNA 13,4,,,
2024,10,2024-03-03,"[10,20)",COMUNA 13,16,,,
2024,10,2024-03-03,"[20,30)",COMUNA 13,13,,,
2024,10,2024-03-03,"[30,40)",COMUNA 13,15,,,
2024,10,2024-03-03,"[40,50)",COMUNA 13,17,,,
2024,10,2024-03-03,"[50,60)",COMUNA 13,11,,,
2024,10,2024-03-03,"[60,70)",COMUNA 13,12,,,
2024,10,2024-03-03,"[70,80)",COMUNA 13,6,,,
2024,10,2024-03-03,"[80,90)",COMUNA 13,5,,,
2024,10,2024-03-03,"[90,100)",COMUNA 13,1,,,
2024,10,2024-03-03,"[0,10)",COMUNA 14,2,,,
2024,10,2024-03-03,"[10,20)",COMUNA 14,10,,,
2024,10,2024-03-03,"[20,30)",COMUNA 14,8,,,
2024,10,2024-03-03,"[30,40)",COMUNA 14,11,,,
2024,10,2024-03-03,"[40,50)",COMUNA 14,13,,,
2024,10,2024-03-03,"[50,60)",COMUNA 14,5,,,
2024,10,2024-03-03,"[60,70)",COMUNA 14,4,,,
2024,10,2024-03-03,"[70,80)",COMUNA 14,7,,,
2024,10,2024-03-03,"[80,90)",COMUNA 14,1,,,
2024,10,2024-03-03,"[0,10)",COMUNA 15,10,,,
2024,10,2024-03-03,"[10,20)",COMUNA 15,39,,,
2024,10,2024-03-03,"[20,30)",COMUNA 15,47,,,
2024,10,2024-03-03,"[30,40)",COMUNA 15,38,,,
2024,10,2024-03-03,"[40,50)",COMUNA 15,43,,,
2024,10,2024-03-03,"[50,60)",COMUNA 15,26,,,
2024,10,2024-03-03,"[60,70)",COMUNA 15,29,,,
2024,10,2024-03-03,"[70,80)",COMUNA 15,15,,,
2024,10,2024-03-03,"[80,90)",COMUNA 15,7,,,
2024,10,2024-03-03,"[0,10)",COMUNA 2,0,,,
2024,10,2024-03-03,"[10,20)",COMUNA 2,4,,,
2024,10,2024-03-03,"[20,30)",COMUNA 2,4,,,
2024,10,2024-03-03,"[30,40)",COMUNA 2,2,,,
2024,10,2024-03-03,"[40,50)",COMUNA 2,2,,,
2024,10,2024-03-03,"[50,60)",COMUNA 2,0,,,
2024,10,2024-03-03,"[60,70)",COMUNA 2,2,,,
2024,10,2024-03-03,"[70,80)",COMUNA 2,2,,,
2024,10,2024-03-03,"[80,90)",COMUNA 2,1,,,
2024,10,2024-03-03,"[0,10)",COMUNA 3,4,,,
2024,10,2024-03-03,"[10,20)",COMUNA 3,18,,,
2024,10,2024-03-03,"[20,30)",COMUNA 3,13,,,
2024,10,2024-03-03,"[30,40)",COMUNA 3,12,,,
2024,10,2024-03-03,"[40,50)",COMUNA 3,13,,,
2024,10,2024-03-03,"[50,60)",COMUNA 3,11,,,
2024,10,2024-03-03,"[60,70)",COMUNA 3,3,,,
2024,10,2024-03-03,"[70,80)",COMUNA 3,7,,,
2024,10,2024-03-03,"[80,90)",COMUNA 3,1,,,
2024,10,2024-03-03,"[90,100)",COMUNA 3,1,,,
2024,10,2024-03-03,"[0,10)",COMUNA 4,10,,,
2024,10,2024-03-03,"[10,20)",COMUNA 4,31,,,
2024,10,2024-03-03,"[20,30)",COMUNA 4,21,,,
2024,10,2024-03-03,"[30,40)",COMUNA 4,18,,,
2024,10,2024-03-03,"[40,50)",COMUNA 4,24,,,
2024,10,2024-03-03,"[50,60)",COMUNA 4,10,,,
2024,10,2024-03-03,"[60,70)",COMUNA 4,9,,,
2024,10,2024-03-03,"[70,80)",COMUNA 4,11,,,
2024,10,2024-03-03,"[80,90)",COMUNA 4,0,,,
2024,10,2024-03-03,"[90,100)",COMUNA 4,1,,,
2024,10,2024-03-03,"[0,10)",COMUNA 5,3,,,
2024,10,2024-03-03,"[10,20)",COMUNA 5,21,,,
2024,10,2024-03-03,"[20,30)",COMUNA 5,13,,,
2024,10,2024-03-03,"[30,40)",COMUNA 5,18,,,
2024,10,2024-03-03,"[40,50)",COMUNA 5,15,,,
2024,10,2024-03-03,"[50,60)",COMUNA 5,10,,,
2024,10,2024-03-03,"[60,70)",COMUNA 5,7,,,
2024,10,2024-03-03,"[70,80)",COMUNA 5,4,,,
2024,10,2024-03-03,"[80,90)",COMUNA 5,1,,,
2024,10,2024-03-03,"[90,100)",COMUNA 5,1,,,
2024,10,2024-03-03,"[0,10)",COMUNA 6,1,,,
2024,10,2024-03-03,"[10,20)",COMUNA 6,13,,,
2024,10,2024-03-03,"[20,30)",COMUNA 6,13,,,
2024,10,2024-03-03,"[30,40)",COMUNA 6,14,,,
2024,10,2024-03-03,"[40,50)",COMUNA 6,15,,,
2024,10,2024-03-03,"[50,60)",COMUNA 6,6,,,
2024,10,2024-03-03,"[60,70)",COMUNA 6,6,,,
2024,10,2024-03-03,"[70,80)",COMUNA 6,8,,,
2024,10,2024-03-03,"[80,90)",COMUNA 6,2,,,
2024,10,2024-03-03,"[90,100)",COMUNA 6,0,,,
2024,10,2024-03-03,"[0,10)",COMUNA 7,7,,,
2024,10,2024-03-03,"[10,20)",COMUNA 7,16,,,
2024,10,2024-03-03,"[20,30)",COMUNA 7,11,,,
2024,10,2024-03-03,"[30,40)",COMUNA 7,17,,,
2024,10,2024-03-03,"[40,50)",COMUNA 7,9,,,
2024,10,2024-03-03,"[50,60)",COMUNA 7,9,,,
2024,10,2024-03-03,"[60,70)",COMUNA 7,6,,,
2024,10,2024-03-03,"[70,80)",COMUNA 7,2,,,
2024,10,2024-03-03,"[80,90)",COMUNA 7,3,,,
2024,10,2024-03-03,"[0,10)",COMUNA 8,2,,,
2024,10,2024-03-03,"[10,20)",COMUNA 8,27,,,
2024,10,2024-03-03,"[20,30)",COMUNA 8,12,,,
2024,10,2024-03-03,"[30,40)",COMUNA 8,10,,,
2024,10,2024-03-03,"[40,50)",COMUNA 8,8,,,
2024,10,2024-03-03,"[50,60)",COMUNA 8,5,,,
2024,10,2024-03-03,"[60,70)",COMUNA 8,2,,,
2024,10,2024-03-03,"[70,80)",COMUNA 8,3,,,
2024,10,2024-03-03,"[80,90)",COMUNA 8,0,,,
2024,10,2024-03-03,"[0,10)",COMUNA 9,3,,,
2024,10,2024-03-03,"[10,20)",COMUNA 9,6,,,
2024,10,2024-03-03,"[20,30)",COMUNA 9,9,,,
2024,10,2024-03-03,"[30,40)",COMUNA 9,8,,,
2024,10,2024-03-03,"[40,50)",COMUNA 9,1,,,
2024,10,2024-03-03,"[50,60)",COMUNA 9,5,,,
2024,10,2024-03-03,"[60,70)",COMUNA 9,3,,,
2024,10,2024-03-03,"[70,80)",COMUNA 9,2,,,
2024,10,2024-03-03,"[80,90)",COMUNA 9,0,,,
2024,10,2024-03-03,"[0,10)",SIN DATOS,16,,,
2024,10,2024-03-03,"[10,20)",SIN DATOS,58,,,
2024,10,2024-03-03,"[20,30)",SIN DATOS,31,,,
2024,10,2024-03-03,"[30,40)",SIN DATOS,30,,,
2024,10,2024-03-03,"[40,50)",SIN DATOS,26,,,
2024,10,2024-03-03,"[50,60)",SIN DATOS,25,,,
2024,10,2024-03-03,"[60,70)",SIN DATOS,23,,,
2024,10,2024-03-03,"[70,80)",SIN DATOS,14,,,
2024,10,2024-03-03,"[80,90)",SIN DATOS,5,,,
2024,11,2024-03-10,"[0,10)",COMUNA 1,16,,,
2024,11,2024-03-10,"[10,20)",COMUNA 1,59,,,
2024,11,2024-03-10,"[20,30)",COMUNA 1,17,,,
2024,11,2024-03-10,"[30,40)",COMUNA 1,18,,,
2024,11,2024-03-10,"[40,50)",COMUNA 1,10,,,
2024,11,2024-03-10,"[50,60)",COMUNA 1,17,,,
2024,11,2024-03-10,"[60,70)",COMUNA 1,8,,,
2024,11,2024-03-10,"[70,80)",COMUNA 1,0,,,
2024,11,2024-03-10,"[80,90)",COMUNA 1,1,,,
2024,11,2024-03-10,"[90,100)",COMUNA 1,0,,,
2024,11,2024-03-10,"[0,10)",COMUNA 10,3,,,
2024,11,2024-03-10,"[10,20)",COMUNA 10,7,,,
2024,11,2024-03-10,"[20,30)",COMUNA 10,6,,,
2024,11,2024-03-10,"[30,40)",COMUNA 10,7,,,
2024,11,2024-03-10,"[40,50)",COMUNA 10,11,,,
2024,11,2024-03-10,"[50,60)",COMUNA 10,10,,,
2024,11,2024-03-10,"[60,70)",COMUNA 10,4,,,
2024,11,2024-03-10,"[70,80)",COMUNA 10,3,,,
2024,11,2024-03-10,"[80,90)",COMUNA 10,1,,,
2024,11,2024-03-10,"[0,10)",COMUNA 11,3,,,
2024,11,2024-03-10,"[10,20)",COMUNA 11,19,,,
2024,11,2024-03-10,"[20,30)",COMUNA 11,16,,,
2024,11,2024-03-10,"[30,40)",COMUNA 11,19,,,
2024,11,2024-03-10,"[40,50)",COMUNA 11,22,,,
2024,11,2024-03-10,"[50,60)",COMUNA 11,20,,,
2024,11,2024-03-10,"[60,70)",COMUNA 11,13,,,
2024,11,2024-03-10,"[70,80)",COMUNA 11,13,,,
2024,11,2024-03-10,"[80,90)",COMUNA 11,3,,,
2024,11,2024-03-10,"[90,100)",COMUNA 11,1,,,
2024,11,2024-03-10,"[0,10)",COMUNA 12,2,,,
2024,11,2024-03-10,"[10,20)",COMUNA 12,16,,,
2024,11,2024-03-10,"[20,30)",COMUNA 12,19,,,
2024,11,2024-03-10,"[30,40)",COMUNA 12,22,,,
2024,11,2024-03-10,"[40,50)",COMUNA 12,18,,,
2024,11,2024-03-10,"[50,60)",COMUNA 12,22,,,
2024,11,2024-03-10,"[60,70)",COMUNA 12,17,,,
2024,11,2024-03-10,"[70,80)",COMUNA 12,11,,,
2024,11,2024-03-10,"[80,90)",COMUNA 12,8,,,
2024,11,2024-03-10,"[90,100)",COMUNA 12,1,,,
2024,11,2024-03-10,"[0,10)",COMUNA 13,4,,,
2024,11,2024-03-10,"[10,20)",COMUNA 13,14,,,
2024,11,2024-03-10,"[20,30)",COMUNA 13,13,,,
2024,11,2024-03-10,"[30,40)",COMUNA 13,10,,,
2024,11,2024-03-10,"[40,50)",COMUNA 13,17,,,
2024,11,2024-03-10,"[50,60)",COMUNA 13,10,,,
2024,11,2024-03-10,"[60,70)",COMUNA 13,11,,,
2024,11,2024-03-10,"[70,80)",COMUNA 13,11,,,
2024,11,2024-03-10,"[80,90)",COMUNA 13,3,,,
2024,11,2024-03-10,"[90,100)",COMUNA 13,0,,,
2024,11,2024-03-10,"[0,10)",COMUNA 14,2,,,
2024,11,2024-03-10,"[10,20)",COMUNA 14,7,,,
2024,11,2024-03-10,"[20,30)",COMUNA 14,11,,,
2024,11,2024-03-10,"[30,40)",COMUNA 14,14,,,
2024,11,2024-03-10,"[40,50)",COMUNA 14,4,,,
2024,11,2024-03-10,"[50,60)",COMUNA 14,8,,,
2024,11,2024-03-10,"[60,70)",COMUNA 14,8,,,
2024,11,2024-03-10,"[70,80)",COMUNA 14,5,,,
2024,11,2024-03-10,"[80,90)",COMUNA 14,1,,,
2024,11,2024-03-10,"[90,100)",COMUNA 14,0,,,
2024,11,2024-03-10,"[0,10)",COMUNA 15,7,,,
2024,11,2024-03-10,"[10,20)",COMUNA 15,32,,,
2024,11,2024-03-10,"[20,30)",COMUNA 15,43,,,
2024,11,2024-03-10,"[30,40)",COMUNA 15,37,,,
2024,11,2024-03-10,"[40,50)",COMUNA 15,34,,,
2024,11,2024-03-10,"[50,60)",COMUNA 15,15,,,
2024,11,2024-03-10,"[60,70)",COMUNA 15,15,,,
2024,11,2024-03-10,"[70,80)",COMUNA 15,9,,,
2024,11,2024-03-10,"[80,90)",COMUNA 15,6,,,
2024,11,2024-03-10,"[90,100)",COMUNA 15,0,,,
2024,11,2024-03-10,"[0,10)",COMUNA 2,5,,,
2024,11,2024-03-10,"[10,20)",COMUNA 2,2,,,
2024,11,2024-03-10,"[20,30)",COMUNA 2,8,,,
2024,11,2024-03-10,"[30,40)",COMUNA 2,3,,,
2024,11,2024-03-10,"[40,50)",COMUNA 2,5,,,
2024,11,2024-03-10,"[50,60)",COMUNA 2,3,,,
2024,11,2024-03-10,"[60,70)",COMUNA 2,3,,,
2024,11,2024-03-10,"[70,80)",COMUNA 2,1,,,
2024,11,2024-03-10,"[80,90)",COMUNA 2,2,,,
2024,11,2024-03-10,"[0,10)",COMUNA 3,9,,,
2024,11,2024-03-10,"[10,20)",COMUNA 3,14,,,
2024,11,2024-03-10,"[20,30)",COMUNA 3,18,,,
2024,11,2024-03-10,"[30,40)",COMUNA 3,26,,,
2024,11,2024-03-10,"[40,50)",COMUNA 3,23,,,
2024,11,2024-03-10,"[50,60)",COMUNA 3,8,,,
2024,11,2024-03-10,"[60,70)",COMUNA 3,5,,,
2024,11,2024-03-10,"[70,80)",COMUNA 3,5,,,
2024,11,2024-03-10,"[80,90)",COMUNA 3,3,,,
2024,11,2024-03-10,"[90,100)",COMUNA 3,1,,,
2024,11,2024-03-10,"[0,10)",COMUNA 4,19,,,
2024,11,2024-03-10,"[10,20)",COMUNA 4,57,,,
2024,11,2024-03-10,"[20,30)",COMUNA 4,51,,,
2024,11,2024-03-10,"[30,40)",COMUNA 4,32,,,
2024,11,2024-03-10,"[40,50)",COMUNA 4,41,,,
2024,11,2024-03-10,"[50,60)",COMUNA 4,38,,,
2024,11,2024-03-10,"[60,70)",COMUNA 4,10,,,
2024,11,2024-03-10,"[70,80)",COMUNA 4,12,,,
2024,11,2024-03-10,"[80,90)",COMUNA 4,5,,,
2024,11,2024-03-10,"[90,100)",COMUNA 4,0,,,
2024,11,2024-03-10,"[0,10)",COMUNA 5,4,,,
2024,11,2024-03-10,"[10,20)",COMUNA 5,17,,,
2024,11,2024-03-10,"[20,30)",COMUNA 5,8,,,
2024,11,2024-03-10,"[30,40)",COMUNA 5,30,,,
2024,11,2024-03-10,"[40,50)",COMUNA 5,12,,,
2024,11,2024-03-10,"[50,60)",COMUNA 5,19,,,
2024,11,2024-03-10,"[60,70)",COMUNA 5,10,,,
2024,11,2024-03-10,"[70,80)",COMUNA 5,2,,,
2024,11,2024-03-10,"[80,90)",COMUNA 5,2,,,
2024,11,2024-03-10,"[0,10)",COMUNA 6,3,,,
2024,11,2024-03-10,"[10,20)",COMUNA 6,12,,,
2024,11,2024-03-10,"[20,30)",COMUNA 6,9,,,
2024,11,2024-03-10,"[30,40)",COMUNA 6,12,,,
2024,11,2024-03-10,"[40,50)",COMUNA 6,10,,,
2024,11,2024-03-10,"[50,60)",COMUNA 6,11,,,
2024,11,2024-03-10,"[60,70)",COMUNA 6,8,,,
2024,11,2024-03-10,"[70,80)",COMUNA 6,6,,,
2024,11,2024-03-10,"[80,90)",COMUNA 6,2,,,
2024,11,2024-03-10,"[0,10)",COMUNA 7,9,,,
2024,11,2024-03-10,"[10,20)",COMUNA 7,21,,,
2024,11,2024-03-10,"[20,30)",COMUNA 7,17,,,
2024,11,2024-03-10,"[30,40)",COMUNA 7,18,,,
2024,11,2024-03-10,"[40,50)",COMUNA 7,18,,,
2024,11,2024-03-10,"[50,60)",COMUNA 7,19,,,
2024,11,2024-03-10,"[60,70)",COMUNA 7,15,,,
2024,11,2024-03-10,"[70,80)",COMUNA 7,2,,,
2024,11,2024-03-10,"[80,90)",COMUNA 7,3,,,
2024,11,2024-03-10,"[0,10)",COMUNA 8,4,,,
2024,11,2024-03-10,"[10,20)",COMUNA 8,32,,,
2024,11,2024-03-10,"[20,30)",COMUNA 8,13,,,
2024,11,2024-03-10,"[30,40)",COMUNA 8,7,,,
2024,11,2024-03-10,"[40,50)",COMUNA 8,14,,,
2024,11,2024-03-10,"[50,60)",COMUNA 8,7,,,
2024,11,2024-03-10,"[60,70)",COMUNA 8,4,,,
2024,11,2024-03-10,"[70,80)",COMUNA 8,3,,,
2024,11,2024-03-10,"[80,90)",COMUNA 8,1,,,
2024,11,2024-03-10,"[90,100)",COMUNA 8,0,,,
2024,11,2024-03-10,"[0,10)",COMUNA 9,3,,,
2024,11,2024-03-10,"[10,20)",COMUNA 9,6,,,
2024,11,2024-03-10,"[20,30)",COMUNA 9,11,,,
2024,11,2024-03-10,"[30,40)",COMUNA 9,8,,,
2024,11,2024-03-10,"[40,50)",COMUNA 9,7,,,
2024,11,2024-03-10,"[50,60)",COMUNA 9,5,,,
2024,11,2024-03-10,"[60,70)",COMUNA 9,4,,,
2024,11,2024-03-10,"[70,80)",COMUNA 9,2,,,
2024,11,2024-03-10,"[80,90)",COMUNA 9,2,,,
2024,11,2024-03-10,"[0,10)",SIN DATOS,19,,,
2024,11,2024-03-10,"[10,20)",SIN DATOS,65,,,
2024,11,2024-03-10,"[110,120]",SIN DATOS,0,,,
2024,11,2024-03-10,"[20,30)",SIN DATOS,49,,,
2024,11,2024-03-10,"[30,40)",SIN DATOS,33,,,
2024,11,2024-03-10,"[40,50)",SIN DATOS,27,,,
2024,11,2024-03-10,"[50,60)",SIN DATOS,23,,,
2024,11,2024-03-10,"[60,70)",SIN DATOS,19,,,
2024,11,2024-03-10,"[70,80)",SIN DATOS,6,,,
2024,11,2024-03-10,"[80,90)",SIN DATOS,3,,,
2024,11,2024-03-10,"[90,100)",SIN DATOS,1,,,
2024,12,2024-03-17,"[0,10)",COMUNA 1,11,,,
2024,12,2024-03-17,"[10,20)",COMUNA 1,33,,,
2024,12,2024-03-17,"[20,30)",COMUNA 1,13,,,
2024,12,2024-03-17,"[30,40)",COMUNA 1,20,,,
2024,12,2024-03-17,"[40,50)",COMUNA 1,17,,,
2024,12,2024-03-17,"[50,60)",COMUNA 1,16,,,
2024,12,2024-03-17,"[60,70)",COMUNA 1,6,,,
2024,12,2024-03-17,"[70,80)",COMUNA 1,6,,,
2024,12,2024-03-17,"[80,90)",COMUNA 1,1,,,
2024,12,2024-03-17,"[0,10)",COMUNA 10,4,,,
2024,12,2024-03-17,"[10,20)",COMUNA 10,12,,,
2024,12,2024-03-17,"[20,30)",COMUNA 10,14,,,
2024,12,2024-03-17,"[30,40)",COMUNA 10,14,,,
2024,12,2024-03-17,"[40,50)",COMUNA 10,6,,,
2024,12,2024-03-17,"[50,60)",COMUNA 10,10,,,
2024,12,2024-03-17,"[60,70)",COMUNA 10,3,,,
2024,12,2024-03-17,"[70,80)",COMUNA 10,5,,,
2024,12,2024-03-17,"[80,90)",COMUNA 10,1,,,
2024,12,2024-03-17,"[90,100)",COMUNA 10,0,,,
2024,12,2024-03-17,"[0,10)",COMUNA 11,0,,,
2024,12,2024-03-17,"[10,20)",COMUNA 11,23,,,
2024,12,2024-03-17,"[20,30)",COMUNA 11,31,,,
2024,12,2024-03-17,"[30,40)",COMUNA 11,19,,,
2024,12,2024-03-17,"[40,50)",COMUNA 11,24,,,
2024,12,2024-03-17,"[50,60)",COMUNA 11,23,,,
2024,12,2024-03-17,"[60,70)",COMUNA 11,13,,,
2024,12,2024-03-17,"[70,80)",COMUNA 11,10,,,
2024,12,2024-03-17,"[80,90)",COMUNA 11,3,,,
2024,12,2024-03-17,"[90,100)",COMUNA 11,1,,,
2024,12,2024-03-17,"[0,10)",COMUNA 12,8,,,
2024,12,2024-03-17,"[10,20)",COMUNA 12,28,,,
2024,12,2024-03-17,"[100,110)",COMUNA 12,0,,,
2024,12,2024-03-17,"[20,30)",COMUNA 12,9,,,
2024,12,2024-03-17,"[30,40)",COMUNA 12,14,,,
2024,12,2024-03-17,"[40,50)",COMUNA 12,24,,,
2024,12,2024-03-17,"[50,60)",COMUNA 12,15,,,
2024,12,2024-03-17,"[60,70)",COMUNA 12,16,,,
2024,12,2024-03-17,"[70,80)",COMUNA 12,15,,,
2024,12,2024-03-17,"[80,90)",COMUNA 12,6,,,
2024,12,2024-03-17,"[90,100)",COMUNA 12,0,,,
2024,12,2024-03-17,"[0,10)",COMUNA 13,5,,,
2024,12,2024-03-17,"[10,20)",COMUNA 13,17,,,
2024,12,2024-03-17,"[20,30)",COMUNA 13,7,,,
2024,12,2024-03-17,"[30,40)",COMUNA 13,9,,,
2024,12,2024-03-17,"[40,50)",COMUNA 13,31,,,
2024,12,2024-03-17,"[50,60)",COMUNA 13,16,,,
2024,12,2024-03-17,"[60,70)",COMUNA 13,6,,,
2024,12,2024-03-17,"[70,80)",COMUNA 13,8,,,
2024,12,2024-03-17,"[80,90)",COMUNA 13,2,,,
2024,12,2024-03-17,"[90,100)",COMUNA 13,0,,,
2024,12,2024-03-17,"[0,10)",COMUNA 14,3,,,
2024,12,2024-03-17,"[10,20)",COMUNA 14,7,,,
2024,12,2024-03-17,"[20,30)",COMUNA 14,10,,,
2024,12,2024-03-17,"[30,40)",COMUNA 14,5,,,
2024,12,2024-03-17,"[40,50)",COMUNA 14,10,,,
2024,12,2024-03-17,"[50,60)",COMUNA 14,7,,,
2024,12,2024-03-17,"[60,70)",COMUNA 14,7,,,
2024,12,2024-03-17,"[70,80)",COMUNA 14,4,,,
2024,12,2024-03-17,"[80,90)",COMUNA 14,0,,,
2024,12,2024-03-17,"[90,100)",COMUNA 14,0,,,
2024,12,2024-03-17,"[0,10)",COMUNA 15,7,,,
2024,12,2024-03-17,"[10,20)",COMUNA 15,21,,,
2024,12,2024-03-17,"[20,30)",COMUNA 15,25,,,
2024,12,2024-03-17,"[30,40)",COMUNA 15,19,,,
2024,12,2024-03-17,"[40,50)",COMUNA 15,24,,,
2024,12,2024-03-17,"[50,60)",COMUNA 15,18,,,
2024,12,2024-03-17,"[60,70)",COMUNA 15,11,,,
2024,12,2024-03-17,"[70,80)",COMUNA 15,6,,,
2024,12,2024-03-17,"[80,90)",COMUNA 15,3,,,
2024,12,2024-03-17,"[90,100)",COMUNA 15,1,,,
2024,12,2024-03-17,"[0,10)",COMUNA 2,0,,,
2024,12,2024-03-17,"[10,20)",COMUNA 2,3,,,
2024,12,2024-03-17,"[20,30)",COMUNA 2,8,,,
2024,12,2024-03-17,"[30,40)",COMUNA 2,7,,,
2024,12,2024-03-17,"[40,50)",COMUNA 2,5,,,
2024,12,2024-03-17,"[50,60)",COMUNA 2,7,,,
2024,12,2024-03-17,"[60,70)",COMUNA 2,5,,,
2024,12,2024-03-17,"[70,80)",COMUNA 2,0,,,
2024,12,2024-03-17,"[80,90)",COMUNA 2,1,,,
2024,12,2024-03-17,"[0,10)",COMUNA 3,4,,,
2024,12,2024-03-17,"[10,20)",COMUNA 3,21,,,
2024,12,2024-03-17,"[20,30)",COMUNA 3,9,,,
2024,12,2024-03-17,"[30,40)",COMUNA 3,15,,,
2024,12,2024-03-17,"[40,50)",COMUNA 3,12,,,
2024,12,2024-03-17,"[50,60)",COMUNA 3,6,,,
2024,12,2024-03-17,"[60,70)",COMUNA 3,6,,,
2024,12,2024-03-17,"[70,80)",COMUNA 3,6,,,
2024,12,2024-03-17,"[80,90)",COMUNA 3,1,,,
2024,12,2024-03-17,"[0,10)",COMUNA 4,26,,,
2024,12,2024-03-17,"[10,20)",COMUNA 4,50,,,
2024,12,2024-03-17,"[20,30)",COMUNA 4,29,,,
2024,12,2024-03-17,"[30,40)",COMUNA 4,28,,,
2024,12,2024-03-17,"[40,50)",COMUNA 4,16,,,
2024,12,2024-03-17,"[50,60)",COMUNA 4,20,,,
2024,12,2024-03-17,"[60,70)",COMUNA 4,14,,,
2024,12,2024-03-17,"[70,80)",COMUNA 4,12,,,
2024,12,2024-03-17,"[80,90)",COMUNA 4,2,,,
2024,12,2024-03-17,"[90,100)",COMUNA 4,0,,,
2024,12,2024-03-17,"[0,10)",COMUNA 5,7,,,
2024,12,2024-03-17,"[10,20)",COMUNA 5,15,,,
2024,12,2024-03-17,"[20,30)",COMUNA 5,12,,,
2024,12,2024-03-17,"[30,40)",COMUNA 5,19,,,
2024,12,2024-03-17,"[40,50)",COMUNA 5,15,,,
2024,12,2024-03-17,"[50,60)",COMUNA 5,10,,,
2024,12,2024-03-17,"[60,70)",COMUNA 5,9,,,
2024,12,2024-03-17,"[70,80)",COMUNA 5,6,,,
2024,12,2024-03-17,"[80,90)",COMUNA 5,2,,,
2024,12,2024-03-17,"[0,10)",COMUNA 6,3,,,
2024,12,2024-03-17,"[10,20)",COMUNA 6,9,,,
2024,12,2024-03-17,"[20,30)",COMUNA 6,7,,,
2024,12,2024-03-17,"[30,40)",COMUNA 6,15,,,
2024,12,2024-03-17,"[40,50)",COMUNA 6,8,,,
2024,12,2024-03-17,"[50,60)",COMUNA 6,10,,,
2024,12,2024-03-17,"[60,70)",COMUNA 6,7,,,
2024,12,2024-03-17,"[70,80)",COMUNA 6,7,,,
2024,12,2024-03-17,"[80,90)",COMUNA 6,0,,,
2024,12,2024-03-17,"[90,100)",COMUNA 6,1,,,
2024,12,2024-03-17,"[0,10)",COMUNA 7,6,,,
2024,12,2024-03-17,"[10,20)",COMUNA 7,18,,,
2024,12,2024-03-17,"[20,30)",COMUNA 7,12,,,
2024,12,2024-03-17,"[30,40)",COMUNA 7,13,,,
2024,12,2024-03-17,"[40,50)",COMUNA 7,16,,,
2024,12,2024-03-17,"[50,60)",COMUNA 7,14,,,
2024,12,2024-03-17,"[60,70)",COMUNA 7,6,,,
2024,12,2024-03-17,"[70,80)",COMUNA 7,1,,,
2024,12,2024-03-17,"[80,90)",COMUNA 7,1,,,
2024,12,2024-03-17,"[90,100)",COMUNA 7,0,,,
2024,12,2024-03-17,"[0,10)",COMUNA 8,9,,,
2024,12,2024-03-17,"[10,20)",COMUNA 8,22,,,
2024,12,2024-03-17,"[20,30)",COMUNA 8,14,,,
2024,12,2024-03-17,"[30,40)",COMUNA 8,14,,,
2024,12,2024-03-17,"[40,50)",COMUNA 8,9,,,
2024,12,2024-03-17,"[50,60)",COMUNA 8,5,,,
2024,12,2024-03-17,"[60,70)",COMUNA 8,4,,,
2024,12,2024-03-17,"[70,80)",COMUNA 8,3,,,
2024,12,2024-03-17,"[80,90)",COMUNA 8,1,,,
2024,12,2024-03-17,"[0,10)",COMUNA 9,3,,,
2024,12,2024-03-17,"[10,20)",COMUNA 9,7,,,
2024,12,2024-03-17,"[20,30)",COMUNA 9,1,,,
2024,12,2024-03-17,"[30,40)",COMUNA 9,3,,,
2024,12,2024-03-17,"[40,50)",COMUNA 9,11,,,
2024,12,2024-03-17,"[50,60)",COMUNA 9,4,,,
2024,12,2024-03-17,"[60,70)",COMUNA 9,6,,,
2024,12,2024-03-17,"[70,80)",COMUNA 9,1,,,
2024,12,2024-03-17,"[80,90)",COMUNA 9,0,,,
2024,12,2024-03-17,"[0,10)",SIN DATOS,26,,,
2024,12,2024-03-17,"[10,20)",SIN DATOS,65,,,
2024,12,2024-03-17,"[20,30)",SIN DATOS,32,,,
2024,12,2024-03-17,"[30,40)",SIN DATOS,42,,,
2024,12,2024-03-17,"[40,50)",SIN DATOS,29,,,
2024,12,2024-03-17,"[50,60)",SIN DATOS,20,,,
2024,12,2024-03-17,"[60,70)",SIN DATOS,10,,,
2024,12,2024-03-17,"[70,80)",SIN DATOS,8,,,
2024,12,2024-03-17,"[80,90)",SIN DATOS,5,,,
2024,13,2024-03-24,"[0,10)",COMUNA 1,8,,,
2024,13,2024-03-24,"[10,20)",COMUNA 1,20,,,
2024,13,2024-03-24,"[20,30)",COMUNA 1,13,,,
2024,13,2024-03-24,"[30,40)",COMUNA 1,14,,,
2024,13,2024-03-24,"[40,50)",COMUNA 1,21,,,
2024,13,2024-03-24,"[50,60)",COMUNA 1,17,,,
2024,13,2024-03-24,"[60,70)",COMUNA 1,10,,,
2024,13,2024-03-24,"[70,80)",COMUNA 1,2,,,
2024,13,2024-03-24,"[80,90)",COMUNA 1,3,,,
2024,13,2024-03-24,"[90,100)",COMUNA 1,0,,,
2024,13,2024-03-24,"[0,10)",COMUNA 10,2,,,
2024,13,2024-03-24,"[10,20)",COMUNA 10,9,,,
2024,13,2024-03-24,"[20,30)",COMUNA 10,15,,,
2024,13,2024-03-24,"[30,40)",COMUNA 10,13,,,
2024,13,2024-03-24,"[40,50)",COMUNA 10,12,,,
2024,13,2024-03-24,"[50,60)",COMUNA 10,10,,,
2024,13,2024-03-24,"[60,70)",COMUNA 10,5,,,
2024,13,2024-03-24,"[70,80)",COMUNA 10,5,,,
2024,13,2024-03-24,"[80,90)",COMUNA 10,1,,,
2024,13,2024-03-24,"[0,10)",COMUNA 11,5,,,
2024,13,2024-03-24,"[10,20)",COMUNA 11,25,,,
2024,13,2024-03-24,"[20,30)",COMUNA 11,18,,,
2024,13,2024-03-24,"[30,40)",COMUNA 11,24,,,
2024,13,2024-03-24,"[40,50)",COMUNA 11,15,,,
2024,13,2024-03-24,"[50,60)",COMUNA 11,17,,,
2024,13,2024-03-24,"[60,70)",COMUNA 11,9,,,
2024,13,2024-03-24,"[70,80)",COMUNA 11,7,,,
2024,13,2024-03-24,"[80,90)",COMUNA 11,3,,,
2024,13,2024-03-24,"[90,100)",COMUNA 11,0,,,
2024,13,2024-03-24,"[0,10)",COMUNA 12,9,,,
2024,13,2024-03-24,"[10,20)",COMUNA 12,16,,,
2024,13,2024-03-24,"[20,30)",COMUNA 12,15,,,
2024,13,2024-03-24,"[30,40)",COMUNA 12,18,,,
2024,13,2024-03-24,"[40,50)",COMUNA 12,17,,,
2024,13,2024-03-24,"[50,60)",COMUNA 12,9,,,
2024,13,2024-03-24,"[60,70)",COMUNA 12,10,,,
2024,13,2024-03-24,"[70,80)",COMUNA 12,10,,,
2024,13,2024-03-24,"[80,90)",COMUNA 12,3,,,
2024,13,2024-03-24,"[90,100)",COMUNA 12,1,,,
2024,13,2024-03-24,"[0,10)",COMUNA 13,3,,,
2024,13,2024-03-24,"[10,20)",COMUNA 13,8,,,
2024,13,2024-03-24,"[100,110)",COMUNA 13,1,,,
2024,13,2024-03-24,"[20,30)",COMUNA 13,10,,,
2024,13,2024-03-24,"[30,40)",COMUNA 13,18,,,
2024,13,2024-03-24,"[40,50)",COMUNA 13,14,,,
2024,13,2024-03-24,"[50,60)",COMUNA 13,9,,,
2024,13,2024-03-24,"[60,70)",COMUNA 13,10,,,
2024,13,2024-03-24,"[70,80)",COMUNA 13,6,,,
2024,13,2024-03-24,"[80,90)",COMUNA 13,3,,,
2024,13,2024-03-24,"[0,10)",COMUNA 14,1,,,
2024,13,2024-03-24,"[10,20)",COMUNA 14,6,,,
2024,13,2024-03-24,"[20,30)",COMUNA 14,5,,,
2024,13,2024-03-24,"[30,40)",COMUNA 14,12,,,
2024,13,2024-03-24,"[40,50)",COMUNA 14,8,,,
2024,13,2024-03-24,"[50,60)",COMUNA 14,8,,,
2024,13,2024-03-24,"[60,70)",COMUNA 14,5,,,
2024,13,2024-03-24,"[70,80)",COMUNA 14,3,,,
2024,13,2024-03-24,"[80,90)",COMUNA 14,1,,,
2024,13,2024-03-24,"[90,100)",COMUNA 14,1,,,
2024,13,2024-03-24,"[0,10)",COMUNA 15,5,,,
2024,13,2024-03-24,"[10,20)",COMUNA 15,23,,,
2024,13,2024-03-24,"[20,30)",COMUNA 15,22,,,
2024,13,2024-03-24,"[30,40)",COMUNA 15,30,,,
2024,13,2024-03-24,"[40,50)",COMUNA 15,22,,,
2024,13,2024-03-24,"[50,60)",COMUNA 15,32,,,
2024,13,2024-03-24,"[60,70)",COMUNA 15,11,,,
2024,13,2024-03-24,"[70,80)",COMUNA 15,5,,,
2024,13,2024-03-24,"[80,90)",COMUNA 15,1,,,
2024,13,2024-03-24,"[90,100)",COMUNA 15,2,,,
2024,13,2024-03-24,"[0,10)",COMUNA 2,0,,,
2024,13,2024-03-24,"[10,20)",COMUNA 2,0,,,
2024,13,2024-03-24,"[20,30)",COMUNA 2,13,,,
2024,13,2024-03-24,"[30,40)",COMUNA 2,7,,,
2024,13,2024-03-24,"[40,50)",COMUNA 2,6,,,
2024,13,2024-03-24,"[50,60)",COMUNA 2,5,,,
2024,13,2024-03-24,"[60,70)",COMUNA 2,5,,,
2024,13,2024-03-24,"[70,80)",COMUNA 2,4,,,
2024,13,2024-03-24,"[80,90)",COMUNA 2,0,,,
2024,13,2024-03-24,"[90,100)",COMUNA 2,1,,,
2024,13,2024-03-24,"[0,10)",COMUNA 3,3,,,
2024,13,2024-03-24,"[10,20)",COMUNA 3,23,,,
2024,13,2024-03-24,"[20,30)",COMUNA 3,23,,,
2024,13,2024-03-24,"[30,40)",COMUNA 3,15,,,
2024,13,2024-03-24,"[40,50)",COMUNA 3,15,,,
2024,13,2024-03-24,"[50,60)",COMUNA 3,15,,,
2024,13,2024-03-24,"[60,70)",COMUNA 3,12,,,
2024,13,2024-03-24,"[70,80)",COMUNA 3,1,,,
2024,13,2024-03-24,"[80,90)",COMUNA 3,4,,,
2024,13,2024-03-24,"[90,100)",COMUNA 3,0,,,
2024,13,2024-03-24,"[0,10)",COMUNA 4,21,,,
2024,13,2024-03-24,"[10,20)",COMUNA 4,51,,,
2024,13,2024-03-24,"[20,30)",COMUNA 4,55,,,
2024,13,2024-03-24,"[30,40)",COMUNA 4,48,,,
2024,13,2024-03-24,"[40,50)",COMUNA 4,45,,,
2024,13,2024-03-24,"[50,60)",COMUNA 4,39,,,
2024,13,2024-03-24,"[60,70)",COMUNA 4,14,,,
2024,13,2024-03-24,"[70,80)",COMUNA 4,16,,,
2024,13,2024-03-24,"[80,90)",COMUNA 4,3,,,
2024,13,2024-03-24,"[90,100)",COMUNA 4,0,,,
2024,13,2024-03-24,"[0,10)",COMUNA 5,2,,,
2024,13,2024-03-24,"[10,20)",COMUNA 5,8,,,
2024,13,2024-03-24,"[20,30)",COMUNA 5,23,,,
2024,13,2024-03-24,"[30,40)",COMUNA 5,13,,,
2024,13,2024-03-24,"[40,50)",COMUNA 5,19,,,
2024,13,2024-03-24,"[50,60)",COMUNA 5,11,,,
2024,13,2024-03-24,"[60,70)",COMUNA 5,11,,,
2024,13,2024-03-24,"[70,80)",COMUNA 5,5,,,
2024,13,2024-03-24,"[80,90)",COMUNA 5,3,,,
2024,13,2024-03-24,"[0,10)",COMUNA 6,0,,,
2024,13,2024-03-24,"[10,20)",COMUNA 6,9,,,
2024,13,2024-03-24,"[20,30)",COMUNA 6,14,,,
2024,13,2024-03-24,"[30,40)",COMUNA 6,18,,,
2024,13,2024-03-24,"[40,50)",COMUNA 6,10,,,
2024,13,2024-03-24,"[50,60)",COMUNA 6,18,,,
2024,13,2024-03-24,"[60,70)",COMUNA 6,17,,,
2024,13,2024-03-24,"[70,80)",COMUNA 6,5,,,
2024,13,2024-03-24,"[80,90)",COMUNA 6,5,,,
2024,13,2024-03-24,"[90,100)",COMUNA 6,2,,,
2024,13,2024-03-24,"[0,10)",COMUNA 7,5,,,
2024,13,2024-03-24,"[10,20)",COMUNA 7,16,,,
2024,13,2024-03-24,"[20,30)",COMUNA 7,27,,,
2024,13,2024-03-24,"[30,40)",COMUNA 7,21,,,
2024,13,2024-03-24,"[40,50)",COMUNA 7,15,,,
2024,13,2024-03-24,"[50,60)",COMUNA 7,18,,,
2024,13,2024-03-24,"[60,70)",COMUNA 7,11,,,
2024,13,2024-03-24,"[70,80)",COMUNA 7,3,,,
2024,13,2024-03-24,"[80,90)",COMUNA 7,1,,,
2024,13,2024-03-24,"[90,100)",COMUNA 7,1,,,
2024,13,2024-03-24,"[0,10)",COMUNA 8,6,,,
2024,13,2024-03-24,"[10,20)",COMUNA 8,21,,,
2024,13,2024-03-24,"[20,30)",COMUNA 8,29,,,
2024,13,2024-03-24,"[30,40)",COMUNA 8,17,,,
2024,13,2024-03-24,"[40,50)",COMUNA 8,19,,,
2024,13,2024-03-24,"[50,60)",COMUNA 8,11,,,
2024,13,2024-03-24,"[60,70)",COMUNA 8,6,,,
2024,13,2024-03-24,"[70,80)",COMUNA 8,2,,,
2024,13,2024-03-24,"[0,10)",COMUNA 9,1,,,
2024,13,2024-03-24,"[10,20)",COMUNA 9,8,,,
2024,13,2024-03-24,"[20,30)",COMUNA 9,12,,,
2024,13,2024-03-24,"[30,40)",COMUNA 9,5,,,
2024,13,2024-03-24,"[40,50)",COMUNA 9,5,,,
2024,13,2024-03-24,"[50,60)",COMUNA 9,5,,,
2024,13,2024-03-24,"[60,70)",COMUNA 9,5,,,
2024,13,2024-03-24,"[70,80)",COMUNA 9,1,,,
2024,13,2024-03-24,"[80,90)",COMUNA 9,1,,,
2024,13,2024-03-24,"[0,10)",SIN DATOS,15,,,
2024,13,2024-03-24,"[10,20)",SIN DATOS,68,,,
2024,13,2024-03-24,"[20,30)",SIN DATOS,67,,,
2024,13,2024-03-24,"[30,40)",SIN DATOS,70,,,
2024,13,2024-03-24,"[40,50)",SIN DATOS,41,,,
2024,13,2024-03-24,"[50,60)",SIN DATOS,39,,,
2024,13,2024-03-24,"[60,70)",SIN DATOS,20,,,
2024,13,2024-03-24,"[70,80)",SIN DATOS,6,,,
2024,13,2024-03-24,"[80,90)",SIN DATOS,4,,,
2024,13,2024-03-24,"[90,100)",SIN DATOS,0,,,
2024,14,2024-03-31,"[0,10)",COMUNA 1,8,,,
2024,14,2024-03-31,"[10,20)",COMUNA 1,23,,,
2024,14,2024-03-31,"[20,30)",COMUNA 1,28,,,
2024,14,2024-03-31,"[30,40)",COMUNA 1,25,,,
2024,14,2024-03-31,"[40,50)",COMUNA 1,23,,,
2024,14,2024-03-31,"[50,60)",COMUNA 1,17,,,
2024,14,2024-03-31,"[60,70)",COMUNA 1,19,,,
2024,14,2024-03-31,"[70,80)",COMUNA 1,4,,,
2024,14,2024-03-31,"[80,90)",COMUNA 1,1,,,
2024,14,2024-03-31,"[90,100)",COMUNA 1,0,,,
2024,14,2024-03-31,"[0,10)",COMUNA 10,1,,,
2024,14,2024-03-31,"[10,20)",COMUNA 10,7,,,
2024,14,2024-03-31,"[20,30)",COMUNA 10,19,,,
2024,14,2024-03-31,"[30,40)",COMUNA 10,10,,,
2024,14,2024-03-31,"[40,50)",COMUNA 10,7,,,
2024,14,2024-03-31,"[50,60)",COMUNA 10,7,,,
2024,14,2024-03-31,"[60,70)",COMUNA 10,6,,,
2024,14,2024-03-31,"[70,80)",COMUNA 10,3,,,
2024,14,2024-03-31,"[80,90)",COMUNA 10,2,,,
2024,14,2024-03-31,"[0,10)",COMUNA 11,1,,,
2024,14,2024-03-31,"[10,20)",COMUNA 11,12,,,
2024,14,2024-03-31,"[20,30)",COMUNA 11,22,,,
2024,14,2024-03-31,"[30,40)",COMUNA 11,17,,,
2024,14,2024-03-31,"[40,50)",COMUNA 11,20,,,
2024,14,2024-03-31,"[50,60)",COMUNA 11,12,,,
2024,14,2024-03-31,"[60,70)",COMUNA 11,12,,,
2024,14,2024-03-31,"[70,80)",COMUNA 11,14,,,
2024,14,2024-03-31,"[80,90)",COMUNA 11,4,,,
2024,14,2024-03-31,"[0,10)",COMUNA 12,6,,,
2024,14,2024-03-31,"[10,20)",COMUNA 12,16,,,
2024,14,2024-03-31,"[20,30)",COMUNA 12,11,,,
2024,14,2024-03-31,"[30,40)",COMUNA 12,11,,,
2024,14,2024-03-31,"[40,50)",COMUNA 12,16,,,
2024,14,2024-03-31,"[50,60)",COMUNA 12,14,,,
2024,14,2024-03-31,"[60,70)",COMUNA 12,14,,,
2024,14,2024-03-31,"[70,80)",COMUNA 12,9,,,
2024,14,2024-03-31,"[80,90)",COMUNA 12,4,,,
2024,14,2024-03-31,"[90,100)",COMUNA 12,2,,,
2024,14,2024-03-31,"[0,10)",COMUNA 13,4,,,
2024,14,2024-03-31,"[10,20)",COMUNA 13,9,,,
2024,14,2024-03-31,"[20,30)",COMUNA 13,16,,,
2024,14,2024-03-31,"[30,40)",COMUNA 13,10,,,
2024,14,2024-03-31,"[40,50)",COMUNA 13,12,,,
2024,14,2024-03-31,"[50,60)",COMUNA 13,14,,,
2024,14,2024-03-31,"[60,70)",COMUNA 13,12,,,
2024,14,2024-03-31,"[70,80)",COMUNA 13,7,,,
2024,14,2024-03-31,"[80,90)",COMUNA 13,2,,,
2024,14,2024-03-31,"[90,100)",COMUNA 13,0,,,
2024,14,2024-03-31,"[0,10)",COMUNA 14,2,,,
2024,14,2024-03-31,"[10,20)",COMUNA 14,4,,,
2024,14,2024-03-31,"[20,30)",COMUNA 14,7,,,
2024,14,2024-03-31,"[30,40)",COMUNA 14,7,,,
2024,14,2024-03-31,"[40,50)",COMUNA 14,7,,,
2024,14,2024-03-31,"[50,60)",COMUNA 14,7,,,
2024,14,2024-03-31,"[60,70)",COMUNA 14,5,,,
2024,14,2024-03-31,"[70,80)",COMUNA 14,4,,,
2024,14,2024-03-31,"[80,90)",COMUNA 14,1,,,
2024,14,2024-03-31,"[90,100)",COMUNA 14,2,,,
2024,14,2024-03-31,"[0,10)",COMUNA 15,6,,,
2024,14,2024-03-31,"[10,20)",COMUNA 15,19,,,
2024,14,2024-03-31,"[20,30)",COMUNA 15,32,,,
2024,14,2024-03-31,"[30,40)",COMUNA 15,20,,,
2024,14,2024-03-31,"[40,50)",COMUNA 15,25,,,
2024,14,2024-03-31,"[50,60)",COMUNA 15,20,,,
2024,14,2024-03-31,"[60,70)",COMUNA 15,9,,,
2024,14,2024-03-31,"[70,80)",COMUNA 15,11,,,
2024,14,2024-03-31,"[80,90)",COMUNA 15,2,,,
2024,14,2024-03-31,"[90,100)",COMUNA 15,0,,,
2024,14,2024-03-31,"[0,10)",COMUNA 2,0,,,
2024,14,2024-03-31,"[10,20)",COMUNA 2,6,,,
2024,14,2024-03-31,"[20,30)",COMUNA 2,12,,,
2024,14,2024-03-31,"[30,40)",COMUNA 2,13,,,
2024,14,2024-03-31,"[40,50)",COMUNA 2,5,,,
2024,14,2024-03-31,"[50,60)",COMUNA 2,7,,,
2024,14,2024-03-31,"[60,70)",COMUNA 2,5,,,
2024,14,2024-03-31,"[70,80)",COMUNA 2,5,,,
2024,14,2024-03-31,"[80,90)",COMUNA 2,0,,,
2024,14,2024-03-31,"[0,10)",COMUNA 3,5,,,
2024,14,2024-03-31,"[10,20)",COMUNA 3,17,,,
2024,14,2024-03-31,"[20,30)",COMUNA 3,18,,,
2024,14,2024-03-31,"[30,40)",COMUNA 3,27,,,
2024,14,2024-03-31,"[40,50)",COMUNA 3,26,,,
2024,14,2024-03-31,"[50,60)",COMUNA 3,15,,,
2024,14,2024-03-31,"[60,70)",COMUNA 3,11,,,
2024,14,2024-03-31,"[70,80)",COMUNA 3,2,,,
2024,14,2024-03-31,"[80,90)",COMUNA 3,2,,,
2024,14,2024-03-31,"[90,100)",COMUNA 3,1,,,
2024,14,2024-03-31,"[0,10)",COMUNA 4,19,,,
2024,14,2024-03-31,"[10,20)",COMUNA 4,56,,,
2024,14,2024-03-31,"[20,30)",COMUNA 4,64,,,
2024,14,2024-03-31,"[30,40)",COMUNA 4,60,,,
2024,14,2024-03-31,"[40,50)",COMUNA 4,40,,,
2024,14,2024-03-31,"[50,60)",COMUNA 4,44,,,
2024,14,2024-03-31,"[60,70)",COMUNA 4,26,,,
2024,14,2024-03-31,"[70,80)",COMUNA 4,7,,,
2024,14,2024-03-31,"[80,90)",COMUNA 4,4,,,
2024,14,2024-03-31,"[90,100)",COMUNA 4,0,,,
2024,14,2024-03-31,"[0,10)",COMUNA 5,3,,,
2024,14,2024-03-31,"[10,20)",COMUNA 5,12,,,
2024,14,2024-03-31,"[20,30)",COMUNA 5,22,,,
2024,14,2024-03-31,"[30,40)",COMUNA 5,23,,,
2024,14,2024-03-31,"[40,50)",COMUNA 5,19,,,
2024,14,2024-03-31,"[50,60)",COMUNA 5,17,,,
2024,14,2024-03-31,"[60,70)",COMUNA 5,12,,,
2024,14,2024-03-31,"[70,80)",COMUNA 5,3,,,
2024,14,2024-03-31,"[80,90)",COMUNA 5,2,,,
2024,14,2024-03-31,"[0,10)",COMUNA 6,2,,,
2024,14,2024-03-31,"[10,20)",COMUNA 6,9,,,
2024,14,2024-03-31,"[20,30)",COMUNA 6,15,,,
2024,14,2024-03-31,"[30,40)",COMUNA 6,14,,,
2024,14,2024-03-31,"[40,50)",COMUNA 6,18,,,
2024,14,2024-03-31,"[50,60)",COMUNA 6,15,,,
2024,14,2024-03-31,"[60,70)",COMUNA 6,9,,,
2024,14,2024-03-31,"[70,80)",COMUNA 6,6,,,
2024,14,2024-03-31,"[80,90)",COMUNA 6,1,,,
2024,14,2024-03-31,"[90,100)",COMUNA 6,0,,,
2024,14,2024-03-31,"[0,10)",COMUNA 7,5,,,
2024,14,2024-03-31,"[10,20)",COMUNA 7,21,,,
2024,14,2024-03-31,"[20,30)",COMUNA 7,36,,,
2024,14,2024-03-31,"[30,40)",COMUNA 7,29,,,
2024,14,2024-03-31,"[40,50)",COMUNA 7,26,,,
2024,14,2024-03-31,"[50,60)",COMUNA 7,11,,,
2024,14,2024-03-31,"[60,70)",COMUNA 7,7,,,
2024,14,2024-03-31,"[70,80)",COMUNA 7,1,,,
2024,14,2024-03-31,"[80,90)",COMUNA 7,2,,,
2024,14,2024-03-31,"[0,10)",COMUNA 8,11,,,
2024,14,2024-03-31,"[10,20)",COMUNA 8,26,,,
2024,14,2024-03-31,"[20,30)",COMUNA 8,27,,,
2024,14,2024-03-31,"[30,40)",COMUNA 8,27,,,
2024,14,2024-03-31,"[40,50)",COMUNA 8,17,,,
2024,14,2024-03-31,"[50,60)",COMUNA 8,15,,,
2024,14,2024-03-31,"[60,70)",COMUNA 8,8,,,
2024,14,2024-03-31,"[70,80)",COMUNA 8,5,,,
2024,14,2024-03-31,"[80,90)",COMUNA 8,4,,,
2024,14,2024-03-31,"[90,100)",COMUNA 8,0,,,
2024,14,2024-03-31,"[0,10)",COMUNA 9,3,,,
2024,14,2024-03-31,"[10,20)",COMUNA 9,19,,,
2024,14,2024-03-31,"[20,30)",COMUNA 9,22,,,
2024,14,2024-03-31,"[30,40)",COMUNA 9,10,,,
2024,14,2024-03-31,"[40,50)",COMUNA 9,19,,,
2024,14,2024-03-31,"[50,60)",COMUNA 9,14,,,
2024,14,2024-03-31,"[60,70)",COMUNA 9,7,,,
2024,14,2024-03-31,"[70,80)",COMUNA 9,10,,,
2024,14,2024-03-31,"[80,90)",COMUNA 9,0,,,
2024,14,2024-03-31,"[0,10)",SIN DATOS,26,,,
2024,14,2024-03-31,"[10,20)",SIN DATOS,87,,,
2024,14,2024-03-31,"[20,30)",SIN DATOS,75,,,
2024,14,2024-03-31,"[30,40)",SIN DATOS,55,,,
2024,14,2024-03-31,"[40,50)",SIN DATOS,45,,,
2024,14,2024-03-31,"[50,60)",SIN DATOS,36,,,
2024,14,2024-03-31,"[60,70)",SIN DATOS,18,,,
2024,14,2024-03-31,"[70,80)",SIN DATOS,14,,,
2024,14,2024-03-31,"[80,90)",SIN DATOS,6,,,
2024,15,2024-04-07,"[0,10)",COMUNA 1,4,,,
2024,15,2024-04-07,"[10,20)",COMUNA 1,11,,,
2024,15,2024-04-07,"[20,30)",COMUNA 1,25,,,
2024,15,2024-04-07,"[30,40)",COMUNA 1,16,,,
2024,15,2024-04-07,"[40,50)",COMUNA 1,19,,,
2024,15,2024-04-07,"[50,60)",COMUNA 1,8,,,
2024,15,2024-04-07,"[60,70)",COMUNA 1,13,,,
2024,15,2024-04-07,"[70,80)",COMUNA 1,3,,,
2024,15,2024-04-07,"[80,90)",COMUNA 1,1,,,
2024,15,2024-04-07,"[90,100)",COMUNA 1,1,,,
2024,15,2024-04-07,"[0,10)",COMUNA 10,3,,,
2024,15,2024-04-07,"[10,20)",COMUNA 10,6,,,
2024,15,2024-04-07,"[20,30)",COMUNA 10,8,,,
2024,15,2024-04-07,"[30,40)",COMUNA 10,9,,,
2024,15,2024-04-07,"[40,50)",COMUNA 10,4,,,
2024,15,2024-04-07,"[50,60)",COMUNA 10,5,,,
2024,15,2024-04-07,"[60,70)",COMUNA 10,7,,,
2024,15,2024-04-07,"[70,80)",COMUNA 10,2,,,
2024,15,2024-04-07,"[80,90)",COMUNA 10,1,,,
2024,15,2024-04-07,"[90,100)",COMUNA 10,0,,,
2024,15,2024-04-07,"[0,10)",COMUNA 11,3,,,
2024,15,2024-04-07,"[10,20)",COMUNA 11,9,,,
2024,15,2024-04-07,"[20,30)",COMUNA 11,13,,,
2024,15,2024-04-07,"[30,40)",COMUNA 11,12,,,
2024,15,2024-04-07,"[40,50)",COMUNA 11,11,,,
2024,15,2024-04-07,"[50,60)",COMUNA 11,16,,,
2024,15,2024-04-07,"[60,70)",COMUNA 11,12,,,
2024,15,2024-04-07,"[70,80)",COMUNA 11,9,,,
2024,15,2024-04-07,"[80,90)",COMUNA 11,1,,,
2024,15,2024-04-07,"[90,100)",COMUNA 11,0,,,
2024,15,2024-04-07,"[0,10)",COMUNA 12,2,,,
2024,15,2024-04-07,"[10,20)",COMUNA 12,10,,,
2024,15,2024-04-07,"[20,30)",COMUNA 12,11,,,
2024,15,2024-04-07,"[30,40)",COMUNA 12,13,,,
2024,15,2024-04-07,"[40,50)",COMUNA 12,13,,,
2024,15,2024-04-07,"[50,60)",COMUNA 12,12,,,
2024,15,2024-04-07,"[60,70)",COMUNA 12,6,,,
2024,15,2024-04-07,"[70,80)",COMUNA 12,9,,,
2024,15,2024-04-07,"[80,90)",COMUNA 12,2,,,
2024,15,2024-04-07,"[90,100)",COMUNA 12,0,,,
2024,15,2024-04-07,"[0,10)",COMUNA 13,1,,,
2024,15,2024-04-07,"[10,20)",COMUNA 13,10,,,
2024,15,2024-04-07,"[100,110)",COMUNA 13,0,,,
2024,15,2024-04-07,"[20,30)",COMUNA 13,11,,,
2024,15,2024-04-07,"[30,40)",COMUNA 13,11,,,
2024,15,2024-04-07,"[40,50)",COMUNA 13,13,,,
2024,15,2024-04-07,"[50,60)",COMUNA 13,20,,,
2024,15,2024-04-07,"[60,70)",COMUNA 13,11,,,
2024,15,2024-04-07,"[70,80)",COMUNA 13,7,,,
2024,15,2024-04-07,"[80,90)",COMUNA 13,1,,,
2024,15,2024-04-07,"[90,100)",COMUNA 13,1,,,
2024,15,2024-04-07,"[0,10)",COMUNA 14,2,,,
2024,15,2024-04-07,"[10,20)",COMUNA 14,7,,,
2024,15,2024-04-07,"[20,30)",COMUNA 14,7,,,
2024,15,2024-04-07,"[30,40)",COMUNA 14,11,,,
2024,15,2024-04-07,"[40,50)",COMUNA 14,8,,,
2024,15,2024-04-07,"[50,60)",COMUNA 14,8,,,
2024,15,2024-04-07,"[60,70)",COMUNA 14,7,,,
2024,15,2024-04-07,"[70,80)",COMUNA 14,5,,,
2024,15,2024-04-07,"[80,90)",COMUNA 14,1,,,
2024,15,2024-04-07,"[90,100)",COMUNA 14,1,,,
2024,15,2024-04-07,"[0,10)",COMUNA 15,2,,,
2024,15,2024-04-07,"[10,20)",COMUNA 15,9,,,
2024,15,2024-04-07,"[20,30)",COMUNA 15,16,,,
2024,15,2024-04-07,"[30,40)",COMUNA 15,12,,,
2024,15,2024-04-07,"[40,50)",COMUNA 15,17,,,
2024,15,2024-04-07,"[50,60)",COMUNA 15,12,,,
2024,15,2024-04-07,"[60,70)",COMUNA 15,11,,,
2024,15,2024-04-07,"[70,80)",COMUNA 15,4,,,
2024,15,2024-04-07,"[80,90)",COMUNA 15,0,,,
2024,15,2024-04-07,"[90,100)",COMUNA 15,2,,,
2024,15,2024-04-07,"[0,10)",COMUNA 2,1,,,
2024,15,2024-04-07,"[10,20)",COMUNA 2,1,,,
2024,15,2024-04-07,"[20,30)",COMUNA 2,6,,,
2024,15,2024-04-07,"[30,40)",COMUNA 2,10,,,
2024,15,2024-04-07,"[40,50)",COMUNA 2,3,,,
2024,15,2024-04-07,"[50,60)",COMUNA 2,6,,,
2024,15,2024-04-07,"[60,70)",COMUNA 2,4,,,
2024,15,2024-04-07,"[70,80)",COMUNA 2,3,,,
2024,15,2024-04-07,"[80,90)",COMUNA 2,0,,,
2024,15,2024-04-07,"[90,100)",COMUNA 2,1,,,
2024,15,2024-04-07,SIN DATOS,COMUNA 2,1,,,
2024,15,2024-04-07,"[0,10)",COMUNA 3,2,,,
2024,15,2024-04-07,"[10,20)",COMUNA 3,18,,,
2024,15,2024-04-07,"[20,30)",COMUNA 3,31,,,
2024,15,2024-04-07,"[30,40)",COMUNA 3,26,,,
2024,15,2024-04-07,"[40,50)",COMUNA 3,23,,,
2024,15,2024-04-07,"[50,60)",COMUNA 3,23,,,
2024,15,2024-04-07,"[60,70)",COMUNA 3,11,,,
2024,15,2024-04-07,"[70,80)",COMUNA 3,7,,,
2024,15,2024-04-07,"[80,90)",COMUNA 3,1,,,
2024,15,2024-04-07,"[0,10)",COMUNA 4,21,,,
2024,15,2024-04-07,"[10,20)",COMUNA 4,50,,,
2024,15,2024-04-07,"[20,30)",COMUNA 4,45,,,
2024,15,2024-04-07,"[30,40)",COMUNA 4,47,,,
2024,15,2024-04-07,"[40,50)",COMUNA 4,50,,,
2024,15,2024-04-07,"[50,60)",COMUNA 4,32,,,
2024,15,2024-04-07,"[60,70)",COMUNA 4,31,,,
2024,15,2024-04-07,"[70,80)",COMUNA 4,15,,,
2024,15,2024-04-07,"[80,90)",COMUNA 4,3,,,
2024,15,2024-04-07,"[90,100)",COMUNA 4,0,,,
2024,15,2024-04-07,SIN DATOS,COMUNA 4,1,,,
2024,15,2024-04-07,"[0,10)",COMUNA 5,3,,,
2024,15,2024-04-07,"[10,20)",COMUNA 5,15,,,
2024,15,2024-04-07,"[20,30)",COMUNA 5,16,,,
2024,15,2024-04-07,"[30,40)",COMUNA 5,24,,,
2024,15,2024-04-07,"[40,50)",COMUNA 5,18,,,
2024,15,2024-04-07,"[50,60)",COMUNA 5,16,,,
2024,15,2024-04-07,"[60,70)",COMUNA 5,9,,,
2024,15,2024-04-07,"[70,80)",COMUNA 5,10,,,
2024,15,2024-04-07,"[80,90)",COMUNA 5,0,,,
2024,15,2024-04-07,"[90,100)",COMUNA 5,0,,,
2024,15,2024-04-07,"[0,10)",COMUNA 6,1,,,
2024,15,2024-04-07,"[10,20)",COMUNA 6,5,,,
2024,15,2024-04-07,"[20,30)",COMUNA 6,15,,,
2024,15,2024-04-07,"[30,40)",COMUNA 6,12,,,
2024,15,2024-04-07,"[40,50)",COMUNA 6,9,,,
2024,15,2024-04-07,"[50,60)",COMUNA 6,13,,,
2024,15,2024-04-07,"[60,70)",COMUNA 6,7,,,
2024,15,2024-04-07,"[70,80)",COMUNA 6,8,,,
2024,15,2024-04-07,"[80,90)",COMUNA 6,3,,,
2024,15,2024-04-07,"[0,10)",COMUNA 7,4,,,
2024,15,2024-04-07,"[10,20)",COMUNA 7,15,,,
2024,15,2024-04-07,"[20,30)",COMUNA 7,20,,,
2024,15,2024-04-07,"[30,40)",COMUNA 7,10,,,
2024,15,2024-04-07,"[40,50)",COMUNA 7,9,,,
2024,15,2024-04-07,"[50,60)",COMUNA 7,9,,,
2024,15,2024-04-07,"[60,70)",COMUNA 7,12,,,
2024,15,2024-04-07,"[70,80)",COMUNA 7,6,,,
2024,15,2024-04-07,"[80,90)",COMUNA 7,2,,,
2024,15,2024-04-07,"[90,100)",COMUNA 7,1,,,
2024,15,2024-04-07,"[0,10)",COMUNA 8,5,,,
2024,15,2024-04-07,"[10,20)",COMUNA 8,26,,,
2024,15,2024-04-07,"[20,30)",COMUNA 8,23,,,
2024,15,2024-04-07,"[30,40)",COMUNA 8,18,,,
2024,15,2024-04-07,"[40,50)",COMUNA 8,14,,,
2024,15,2024-04-07,"[50,60)",COMUNA 8,15,,,
2024,15,2024-04-07,"[60,70)",COMUNA 8,10,,,
2024,15,2024-04-07,"[70,80)",COMUNA 8,2,,,
2024,15,2024-04-07,"[80,90)",COMUNA 8,0,,,
2024,15,2024-04-07,"[0,10)",COMUNA 9,0,,,
2024,15,2024-04-07,"[10,20)",COMUNA 9,12,,,
2024,15,2024-04-07,"[20,30)",COMUNA 9,13,,,
2024,15,2024-04-07,"[30,40)",COMUNA 9,8,,,
2024,15,2024-04-07,"[40,50)",COMUNA 9,7,,,
2024,15,2024-04-07,"[50,60)",COMUNA 9,9,,,
2024,15,2024-04-07,"[60,70)",COMUNA 9,7,,,
2024,15,2024-04-07,"[70,80)",COMUNA 9,3,,,
2024,15,2024-04-07,"[80,90)",COMUNA 9,0,,,
2024,15,2024-04-07,"[90,100)",COMUNA 9,0,,,
2024,15,2024-04-07,"[0,10)",SIN DATOS,23,,,
2024,15,2024-04-07,"[10,20)",SIN DATOS,65,,,
2024,15,2024-04-07,"[20,30)",SIN DATOS,48,,,
2024,15,2024-04-07,"[30,40)",SIN DATOS,41,,,
2024,15,2024-04-07,"[40,50)",SIN DATOS,25,,,
2024,15,2024-04-07,"[50,60)",SIN DATOS,32,,,
2024,15,2024-04-07,"[60,70)",SIN DATOS,20,,,
2024,15,2024-04-07,"[70,80)",SIN DATOS,12,,,
2024,15,2024-04-07,"[80,90)",SIN DATOS,4,,,
2024,15,2024-04-07,"[90,100)",SIN DATOS,0,,,
2024,16,2024-04-14,"[20,30)",COMUNA 15,0,,,
2024,16,2024-04-14,"[30,40)",COMUNA 8,0,,,